0,0.0,0.0,-0.19,-0.095,-0.28,-0.28,-0.29,-0.445,-0.325,-0.58,-0.16,-0.495,-0.185,-0.685,-0.2,-0.81,-0.21,-0.925,-0.05,-0.515,-0.075,-0.73,-0.095,-0.87,-0.11,-1.0,0.05,-0.495,0.045,-0.7,0.035,-0.83,0.02,-0.95,0.15,-0.435,0.16,-0.595,0.15,-0.7,0.13,-0.795
0,0.0,0.0,-0.16666666666666666,-0.11764705882352941,-0.24509803921568626,-0.3088235294117647,-0.24019607843137256,-0.47058823529411764,-0.2696078431372549,-0.5931372549019608,-0.09313725490196079,-0.5049019607843137,-0.09313725490196079,-0.6911764705882353,-0.09803921568627451,-0.8088235294117647,-0.09803921568627451,-0.9215686274509803,0.014705882352941176,-0.5196078431372549,0.014705882352941176,-0.7303921568627451,0.00980392156862745,-0.8725490196078431,0.00980392156862745,-1.0,0.11274509803921569,-0.49019607843137253,0.12745098039215685,-0.6862745098039216,0.12745098039215685,-0.8088235294117647,0.12254901960784313,-0.9264705882352942,0.2107843137254902,-0.4215686274509804,0.23039215686274508,-0.5735294117647058,0.23039215686274508,-0.6764705882352942,0.22058823529411764,-0.7745098039215687
0,0.0,0.0,-0.20320855614973263,-0.0748663101604278,-0.33689839572192515,-0.25133689839572193,-0.3689839572192513,-0.42780748663101603,-0.42245989304812837,-0.5614973262032086,-0.25668449197860965,-0.5026737967914439,-0.3155080213903743,-0.6898395721925134,-0.35294117647058826,-0.8021390374331551,-0.39037433155080214,-0.9090909090909091,-0.1711229946524064,-0.5454545454545454,-0.22994652406417113,-0.7540106951871658,-0.2727272727272727,-0.8823529411764706,-0.3155080213903743,-1.0,-0.08021390374331551,-0.5401069518716578,-0.12299465240641712,-0.7540106951871658,-0.1497326203208556,-0.8770053475935828,-0.18716577540106952,-0.9946524064171123,0.0213903743315508,-0.5026737967914439,-0.0053475935828877,-0.6684491978609626,-0.026737967914438502,-0.7700534759358288,-0.058823529411764705,-0.8663101604278075
0,0.0,0.0,-0.17616580310880828,-0.11917098445595854,-0.24870466321243523,-0.3005181347150259,-0.24352331606217617,-0.46113989637305697,-0.24870466321243523,-0.5958549222797928,-0.10880829015544041,-0.5025906735751295,-0.10362694300518134,-0.689119170984456,-0.09844559585492228,-0.8031088082901554,-0.09326424870466321,-0.917098445595855,0.0,-0.5181347150259067,0.0051813471502590676,-0.7357512953367875,0.0,-0.8704663212435233,0.0,-1.0,0.09326424870466321,-0.49222797927461137,0.10362694300518134,-0.694300518134715,0.10880829015544041,-0.8238341968911918,0.10880829015544041,-0.9481865284974094,0.19170984455958548,-0.43523316062176165,0.19689119170984457,-0.5906735751295337,0.19170984455958548,-0.694300518134715,0.18134715025906736,-0.7979274611398963
0,0.0,0.0,-0.19540229885057472,-0.08045977011494253,-0.3103448275862069,-0.27011494252873564,-0.3390804597701149,-0.4425287356321839,-0.367816091954023,-0.5574712643678161,-0.22413793103448276,-0.5114942528735632,-0.27011494252873564,-0.6896551724137931,-0.2988505747126437,-0.8103448275862069,-0.3275862068965517,-0.9195402298850575,-0.13218390804597702,-0.5459770114942529,-0.1781609195402299,-0.7471264367816092,-0.21839080459770116,-0.8793103448275862,-0.25287356321839083,-1.0,-0.04597701149425287,-0.5402298850574713,-0.07471264367816093,-0.7413793103448276,-0.10344827586206896,-0.8620689655172413,-0.13793103448275862,-0.9655172413793104,0.05747126436781609,-0.5,0.040229885057471264,-0.6551724137931034,0.017241379310344827,-0.7586206896551724,-0.005747126436781609,-0.8563218390804598
0,0.0,0.0,-0.18994413407821228,-0.0893854748603352,-0.2905027932960894,-0.2849162011173184,-0.2905027932960894,-0.45251396648044695,-0.3240223463687151,-0.5754189944134078,-0.16759776536312848,-0.5195530726256983,-0.18435754189944134,-0.7039106145251397,-0.19553072625698323,-0.8212290502793296,-0.20670391061452514,-0.9329608938547486,-0.0782122905027933,-0.547486033519553,-0.09497206703910614,-0.7541899441340782,-0.11173184357541899,-0.88268156424581,-0.12290502793296089,-1.0,0.00558659217877095,-0.5307262569832403,0.0,-0.7318435754189944,-0.00558659217877095,-0.8547486033519553,-0.01675977653631285,-0.9664804469273743,0.0893854748603352,-0.48044692737430167,0.09497206703910614,-0.6312849162011173,0.0893854748603352,-0.7318435754189944,0.07262569832402235,-0.8268156424581006
0,0.0,0.0,-0.18232044198895028,-0.11602209944751381,-0.2541436464088398,-0.30386740331491713,-0.23756906077348067,-0.4696132596685083,-0.23204419889502761,-0.6077348066298343,-0.09944751381215469,-0.5027624309392266,-0.08839779005524862,-0.6906077348066298,-0.07734806629834254,-0.8121546961325967,-0.06077348066298342,-0.9226519337016574,0.011049723756906077,-0.5193370165745856,0.022099447513812154,-0.7348066298342542,0.027624309392265192,-0.8729281767955801,0.03867403314917127,-1.0,0.10497237569060773,-0.49171270718232046,0.1270718232044199,-0.6961325966850829,0.13812154696132597,-0.8232044198895028,0.143646408839779,-0.9447513812154696,0.19889502762430938,-0.430939226519337,0.2154696132596685,-0.580110497237569,0.20994475138121546,-0.6850828729281768,0.19889502762430938,-0.7845303867403315
0,0.0,0.0,-0.19298245614035087,-0.07602339181286549,-0.3157894736842105,-0.25146198830409355,-0.3508771929824561,-0.42105263157894735,-0.391812865497076,-0.5555555555555556,-0.23391812865497075,-0.49122807017543857,-0.29239766081871343,-0.6783625730994152,-0.3333333333333333,-0.7953216374269005,-0.3684210526315789,-0.9005847953216374,-0.14619883040935672,-0.5263157894736842,-0.21052631578947367,-0.7368421052631579,-0.25146198830409355,-0.8771929824561403,-0.29239766081871343,-1.0,-0.05263157894736842,-0.5146198830409356,-0.09941520467836257,-0.7251461988304093,-0.1286549707602339,-0.847953216374269,-0.16374269005847952,-0.9649122807017544,0.04678362573099415,-0.47368421052631576,0.023391812865497075,-0.631578947368421,-0.011695906432748537,-0.7368421052631579,-0.04678362573099415,-0.8362573099415205
0,0.0,0.0,-0.1564245810055866,-0.1005586592178771,-0.22346368715083798,-0.29608938547486036,-0.19553072625698323,-0.45251396648044695,-0.18435754189944134,-0.5810055865921788,-0.03910614525139665,-0.5139664804469274,-0.0223463687150838,-0.6927374301675978,-0.00558659217877095,-0.8156424581005587,0.00558659217877095,-0.9273743016759777,0.05027932960893855,-0.5251396648044693,0.0782122905027933,-0.7374301675977654,0.09497206703910614,-0.8770949720670391,0.11173184357541899,-1.0,0.12849162011173185,-0.5027932960893855,0.16759776536312848,-0.7039106145251397,0.18435754189944134,-0.8324022346368715,0.19553072625698323,-0.9441340782122905,0.2011173184357542,-0.43575418994413406,0.24581005586592178,-0.5865921787709497,0.2569832402234637,-0.6871508379888268,0.2569832402234637,-0.776536312849162
0,0.0,0.0,-0.18562874251497005,-0.08982035928143713,-0.2994011976047904,-0.2754491017964072,-0.31736526946107785,-0.4431137724550898,-0.3473053892215569,-0.5748502994011976,-0.2155688622754491,-0.5209580838323353,-0.24550898203592814,-0.7125748502994012,-0.2754491017964072,-0.8323353293413174,-0.2994011976047904,-0.9341317365269461,-0.11976047904191617,-0.5449101796407185,-0.1497005988023952,-0.7544910179640718,-0.17365269461077845,-0.8862275449101796,-0.19161676646706588,-1.0,-0.023952095808383235,-0.5269461077844312,-0.041916167664670656,-0.7305389221556886,-0.05389221556886228,-0.8562874251497006,-0.0718562874251497,-0.9700598802395209,0.08383233532934131,-0.47305389221556887,0.0718562874251497,-0.6287425149700598,0.059880239520958084,-0.7305389221556886,0.041916167664670656,-0.8203592814371258
0,0.0,0.0,-0.17415730337078653,-0.09550561797752809,-0.25842696629213485,-0.2808988764044944,-0.25842696629213485,-0.43820224719101125,-0.2696629213483146,-0.5561797752808989,-0.14606741573033707,-0.5168539325842697,-0.14606741573033707,-0.6966292134831461,-0.15730337078651685,-0.8033707865168539,-0.16292134831460675,-0.8932584269662921,-0.056179775280898875,-0.5449438202247191,-0.056179775280898875,-0.7528089887640449,-0.06741573033707865,-0.8820224719101124,-0.07303370786516854,-1.0,0.033707865168539325,-0.5280898876404494,0.03932584269662921,-0.7359550561797753,0.0449438202247191,-0.8595505617977528,0.03932584269662921,-0.9775280898876404,0.12359550561797752,-0.47191011235955055,0.1348314606741573,-0.6235955056179775,0.1348314606741573,-0.7247191011235955,0.1348314606741573,-0.8202247191011236
0,0.0,0.0,-0.16759776536312848,-0.09497206703910614,-0.2569832402234637,-0.27932960893854747,-0.2569832402234637,-0.43575418994413406,-0.24581005586592178,-0.553072625698324,-0.11173184357541899,-0.5195530726256983,-0.12290502793296089,-0.7039106145251397,-0.13966480446927373,-0.8212290502793296,-0.15083798882681565,-0.9273743016759777,-0.0223463687150838,-0.5363128491620112,-0.027932960893854747,-0.7430167597765364,-0.03910614525139665,-0.8770949720670391,-0.0446927374301676,-1.0,0.061452513966480445,-0.5083798882681564,0.07262569832402235,-0.7094972067039106,0.07262569832402235,-0.8379888268156425,0.0670391061452514,-0.9441340782122905,0.1452513966480447,-0.441340782122905,0.16201117318435754,-0.5921787709497207,0.16201117318435754,-0.6927374301675978,0.1452513966480447,-0.7821229050279329
0,0.0,0.0,-0.1875,-0.08522727272727272,-0.3125,-0.24431818181818182,-0.3465909090909091,-0.4034090909090909,-0.375,-0.5454545454545454,-0.23863636363636365,-0.5056818181818182,-0.2784090909090909,-0.6988636363636364,-0.3125,-0.8181818181818182,-0.3352272727272727,-0.9261363636363636,-0.14772727272727273,-0.5340909090909091,-0.19886363636363635,-0.75,-0.23863636363636365,-0.8806818181818182,-0.2727272727272727,-1.0,-0.05113636363636364,-0.5284090909090909,-0.08522727272727272,-0.7386363636363636,-0.10227272727272728,-0.8693181818181818,-0.11931818181818182,-0.9886363636363636,0.05113636363636364,-0.48295454545454547,0.045454545454545456,-0.6363636363636364,0.03409090909090909,-0.7386363636363636,0.011363636363636364,-0.8352272727272727
0,0.0,0.0,-0.16489361702127658,-0.11702127659574468,-0.23404255319148937,-0.2978723404255319,-0.21808510638297873,-0.4627659574468085,-0.2074468085106383,-0.5957446808510638,-0.0797872340425532,-0.5106382978723404,-0.06382978723404255,-0.6968085106382979,-0.05851063829787234,-0.8138297872340425,-0.047872340425531915,-0.9308510638297872,0.026595744680851064,-0.5212765957446809,0.0425531914893617,-0.7340425531914894,0.047872340425531915,-0.8723404255319149,0.05319148936170213,-1.0,0.11702127659574468,-0.4946808510638298,0.14893617021276595,-0.6914893617021277,0.1595744680851064,-0.8138297872340425,0.1702127659574468,-0.9308510638297872,0.2074468085106383,-0.4308510638297872,0.2393617021276596,-0.574468085106383,0.25,-0.675531914893617,0.2553191489361702,-0.7712765957446809
0,0.0,0.0,-0.2,-0.06857142857142857,-0.3314285714285714,-0.24,-0.37142857142857144,-0.4057142857142857,-0.41714285714285715,-0.5485714285714286,-0.26285714285714284,-0.49142857142857144,-0.32571428571428573,-0.68,-0.37142857142857144,-0.8,-0.4057142857142857,-0.9142857142857143,-0.17142857142857143,-0.5257142857142857,-0.24,-0.7428571428571429,-0.2857142857142857,-0.8742857142857143,-0.32571428571428573,-1.0,-0.08,-0.52,-0.12571428571428572,-0.7257142857142858,-0.15428571428571428,-0.8571428571428571,-0.18285714285714286,-0.9714285714285714,0.02857142857142857,-0.48,0.0,-0.6342857142857142,-0.022857142857142857,-0.7428571428571429,-0.05142857142857143,-0.8342857142857143
0,0.0,0.0,-0.16494845360824742,-0.09278350515463918,-0.2422680412371134,-0.29896907216494845,-0.22164948453608246,-0.4587628865979381,-0.24742268041237114,-0.5721649484536082,-0.07216494845360824,-0.520618556701031,-0.07216494845360824,-0.711340206185567,-0.07216494845360824,-0.8298969072164949,-0.061855670103092786,-0.9432989690721649,0.015463917525773196,-0.5360824742268041,0.02577319587628866,-0.7422680412371134,0.030927835051546393,-0.8814432989690721,0.041237113402061855,-1.0,0.09278350515463918,-0.5051546391752577,0.11855670103092783,-0.711340206185567,0.12886597938144329,-0.8402061855670103,0.13917525773195877,-0.9536082474226805,0.17010309278350516,-0.44329896907216493,0.1958762886597938,-0.5927835051546392,0.20103092783505155,-0.6958762886597938,0.20103092783505155,-0.788659793814433
0,0.0,0.0,-0.2131979695431472,-0.06598984771573604,-0.3756345177664975,-0.25888324873096447,-0.4467005076142132,-0.4416243654822335,-0.49238578680203043,-0.5888324873096447,-0.27918781725888325,-0.5025380710659898,-0.350253807106599,-0.6903553299492385,-0.4010152284263959,-0.8071065989847716,-0.4467005076142132,-0.9086294416243654,-0.18781725888324874,-0.5431472081218274,-0.25888324873096447,-0.751269035532995,-0.3096446700507614,-0.883248730964467,-0.3553299492385787,-0.9949238578680203,-0.08629441624365482,-0.5431472081218274,-0.14213197969543148,-0.7563451776649747,-0.17766497461928935,-0.8883248730964467,-0.2182741116751269,-1.0,0.025380710659898477,-0.5126903553299492,0.01015228426395939,-0.6802030456852792,-0.015228426395939087,-0.7868020304568528,-0.050761421319796954,-0.883248730964467
0,0.0,0.0,-0.2109704641350211,-0.05907172995780591,-0.379746835443038,-0.22784810126582278,-0.4388185654008439,-0.3924050632911392,-0.459915611814346,-0.5316455696202531,-0.3080168776371308,-0.5147679324894515,-0.3628691983122363,-0.70042194092827,-0.39662447257383965,-0.8227848101265823,-0.4219409282700422,-0.9282700421940928,-0.21518987341772153,-0.5527426160337553,-0.2742616033755274,-0.7552742616033755,-0.3080168776371308,-0.8776371308016878,-0.3333333333333333,-1.0,-0.11392405063291139,-0.5527426160337553,-0.16455696202531644,-0.7552742616033755,-0.1940928270042194,-0.8818565400843882,-0.22362869198312235,-1.0,-0.004219409282700422,-0.5232067510548524,-0.04219409282700422,-0.6877637130801688,-0.06751054852320675,-0.7890295358649789,-0.0970464135021097,-0.8818565400843882
0,0.0,0.0,-0.18556701030927836,-0.09965635738831616,-0.281786941580756,-0.27835051546391754,-0.3024054982817869,-0.436426116838488,-0.3127147766323024,-0.5773195876288659,-0.15120274914089346,-0.5051546391752577,-0.15807560137457044,-0.7010309278350515,-0.16838487972508592,-0.8213058419243986,-0.17525773195876287,-0.9347079037800687,-0.05154639175257732,-0.5189003436426117,-0.058419243986254296,-0.7353951890034365,-0.07560137457044673,-0.872852233676976,-0.09278350515463918,-1.0,0.041237113402061855,-0.4948453608247423,0.044673539518900345,-0.697594501718213,0.041237113402061855,-0.8316151202749141,0.027491408934707903,-0.9553264604810997,0.13402061855670103,-0.42955326460481097,0.14432989690721648,-0.584192439862543,0.140893470790378,-0.6907216494845361,0.13058419243986255,-0.7972508591065293
0,0.0,0.0,-0.2283464566929134,-0.06692913385826772,-0.39763779527559057,-0.25196850393700787,-0.468503937007874,-0.41338582677165353,-0.5354330708661418,-0.5393700787401575,-0.3188976377952756,-0.5236220472440944,-0.38976377952755903,-0.7165354330708661,-0.44881889763779526,-0.84251968503937,-0.5,-0.9566929133858267,-0.23228346456692914,-0.5551181102362205,-0.3188976377952756,-0.7559055118110236,-0.4015748031496063,-0.8858267716535433,-0.48031496062992124,-1.0,-0.1377952755905512,-0.5511811023622047,-0.21653543307086615,-0.7519685039370079,-0.2952755905511811,-0.8818897637795275,-0.3700787401574803,-0.9960629921259843,-0.01968503937007874,-0.5118110236220472,-0.05511811023622047,-0.6771653543307087,-0.10236220472440945,-0.7874015748031497,-0.15748031496062992,-0.8779527559055118
0,0.0,0.0,-0.213768115942029,-0.07246376811594203,-0.37318840579710144,-0.2572463768115942,-0.4420289855072464,-0.4166666666666667,-0.5217391304347826,-0.5362318840579711,-0.2898550724637681,-0.5434782608695652,-0.34057971014492755,-0.7391304347826086,-0.3804347826086957,-0.8586956521739131,-0.4166666666666667,-0.967391304347826,-0.2028985507246377,-0.5652173913043478,-0.2644927536231884,-0.7681159420289855,-0.322463768115942,-0.8913043478260869,-0.3804347826086957,-1.0,-0.10869565217391304,-0.5543478260869565,-0.15217391304347827,-0.7572463768115942,-0.2028985507246377,-0.8659420289855072,-0.2536231884057971,-0.9565217391304348,0.0036231884057971015,-0.5108695652173914,-0.018115942028985508,-0.6847826086956522,-0.050724637681159424,-0.7898550724637681,-0.09057971014492754,-0.8840579710144928
0,0.0,0.0,-0.1794871794871795,-0.08012820512820513,-0.2916666666666667,-0.2467948717948718,-0.34294871794871795,-0.3974358974358974,-0.3942307692307692,-0.5288461538461539,-0.18269230769230768,-0.46474358974358976,-0.20192307692307693,-0.6602564102564102,-0.21794871794871795,-0.7884615384615384,-0.22756410256410256,-0.9038461538461539,-0.08333333333333333,-0.49038461538461536,-0.10897435897435898,-0.7147435897435898,-0.1282051282051282,-0.8653846153846154,-0.14102564102564102,-1.0,0.01282051282051282,-0.46794871794871795,0.00641025641025641,-0.6858974358974359,0.0,-0.8237179487179487,-0.01282051282051282,-0.9455128205128205,0.10576923076923077,-0.41025641025641024,0.10897435897435898,-0.5705128205128205,0.10256410256410256,-0.6826923076923077,0.08974358974358974,-0.7884615384615384
0,0.0,0.0,-0.23412698412698413,-0.007936507936507936,-0.44841269841269843,-0.1349206349206349,-0.5833333333333334,-0.2698412698412698,-0.6984126984126984,-0.373015873015873,-0.44047619047619047,-0.44047619047619047,-0.5714285714285714,-0.6428571428571429,-0.6587301587301587,-0.7619047619047619,-0.7341269841269841,-0.873015873015873,-0.35714285714285715,-0.5,-0.5,-0.7182539682539683,-0.5992063492063492,-0.8571428571428571,-0.6904761904761905,-0.9841269841269841,-0.25,-0.5158730158730159,-0.373015873015873,-0.7341269841269841,-0.45634920634920634,-0.873015873015873,-0.5357142857142857,-1.0,-0.11904761904761904,-0.49206349206349204,-0.20238095238095238,-0.6666666666666666,-0.2698412698412698,-0.7817460317460317,-0.3333333333333333,-0.8849206349206349
0,0.0,0.0,-0.26521739130434785,0.07391304347826087,-0.5434782608695652,0.0,-0.7260869565217392,-0.11304347826086956,-0.8826086956521739,-0.20434782608695654,-0.6043478260869565,-0.3826086956521739,-0.7869565217391304,-0.591304347826087,-0.8956521739130435,-0.717391304347826,-0.9956521739130435,-0.8391304347826087,-0.5260869565217391,-0.47391304347826085,-0.7217391304347827,-0.6956521739130435,-0.8521739130434782,-0.8391304347826087,-0.9652173913043478,-0.9695652173913043,-0.41739130434782606,-0.5217391304347826,-0.591304347826087,-0.7347826086956522,-0.7043478260869566,-0.8739130434782608,-0.8043478260869565,-1.0,-0.26956521739130435,-0.5304347826086957,-0.39565217391304347,-0.6956521739130435,-0.49130434782608695,-0.8043478260869565,-0.5739130434782609,-0.9
0,0.0,0.0,-0.22183098591549297,0.0035211267605633804,-0.4295774647887324,-0.11971830985915492,-0.5528169014084507,-0.2535211267605634,-0.6654929577464789,-0.3591549295774648,-0.397887323943662,-0.4119718309859155,-0.5,-0.6126760563380281,-0.5563380281690141,-0.7394366197183099,-0.6056338028169014,-0.8626760563380281,-0.30985915492957744,-0.4823943661971831,-0.4225352112676056,-0.7077464788732394,-0.49295774647887325,-0.8591549295774648,-0.5598591549295775,-1.0,-0.20774647887323944,-0.5035211267605634,-0.3028169014084507,-0.7183098591549296,-0.3626760563380282,-0.8591549295774648,-0.4225352112676056,-0.9894366197183099,-0.08098591549295775,-0.4859154929577465,-0.15492957746478872,-0.647887323943662,-0.2112676056338028,-0.7570422535211268,-0.2676056338028169,-0.8556338028169014
0,0.0,0.0,-0.25,0.004098360655737705,-0.48770491803278687,-0.11885245901639344,-0.6475409836065574,-0.2459016393442623,-0.7909836065573771,-0.3319672131147541,-0.5122950819672131,-0.45901639344262296,-0.6680327868852459,-0.6434426229508197,-0.7663934426229508,-0.7581967213114754,-0.860655737704918,-0.860655737704918,-0.4344262295081967,-0.5204918032786885,-0.5942622950819673,-0.7295081967213115,-0.7090163934426229,-0.8647540983606558,-0.8073770491803278,-0.9918032786885246,-0.3319672131147541,-0.5409836065573771,-0.47950819672131145,-0.7540983606557377,-0.5778688524590164,-0.8852459016393442,-0.6762295081967213,-1.0,-0.19672131147540983,-0.5286885245901639,-0.29508196721311475,-0.7049180327868853,-0.38524590163934425,-0.8114754098360656,-0.47540983606557374,-0.9057377049180327
0,0.0,0.0,-0.2584745762711864,0.05084745762711865,-0.5338983050847458,-0.025423728813559324,-0.7161016949152542,-0.13559322033898305,-0.8813559322033898,-0.22033898305084745,-0.5847457627118644,-0.3898305084745763,-0.7711864406779662,-0.5805084745762712,-0.8813559322033898,-0.690677966101695,-0.9788135593220338,-0.8008474576271186,-0.5,-0.4872881355932203,-0.7076271186440678,-0.6949152542372882,-0.8347457627118644,-0.8305084745762712,-0.9491525423728814,-0.9576271186440678,-0.3855932203389831,-0.5296610169491526,-0.5635593220338984,-0.7372881355932204,-0.673728813559322,-0.8771186440677966,-0.7754237288135594,-1.0,-0.23728813559322035,-0.5423728813559322,-0.3686440677966102,-0.7076271186440678,-0.461864406779661,-0.8135593220338984,-0.5508474576271186,-0.9067796610169492
0,0.0,0.0,-0.19937694704049844,-0.04361370716510903,-0.35202492211838005,-0.19314641744548286,-0.43613707165109034,-0.3395638629283489,-0.5202492211838006,-0.45794392523364486,-0.26479750778816197,-0.4485981308411215,-0.32087227414330216,-0.6448598130841121,-0.35514018691588783,-0.7757009345794392,-0.38006230529595014,-0.8940809968847352,-0.16822429906542055,-0.48909657320872274,-0.2336448598130841,-0.7133956386292835,-0.2772585669781931,-0.8629283489096573,-0.3146417445482866,-1.0,-0.06853582554517133,-0.4797507788161994,-0.12461059190031153,-0.6947040498442367,-0.1588785046728972,-0.8348909657320872,-0.19314641744548286,-0.9626168224299065,0.04361370716510903,-0.42990654205607476,0.009345794392523364,-0.5919003115264797,-0.018691588785046728,-0.7009345794392523,-0.04984423676012461,-0.8068535825545171
0,0.0,0.0,-0.2014388489208633,-0.08992805755395683,-0.35611510791366907,-0.25539568345323743,-0.45323741007194246,-0.39928057553956836,-0.5575539568345323,-0.5035971223021583,-0.2517985611510791,-0.5575539568345323,-0.2949640287769784,-0.7517985611510791,-0.33093525179856115,-0.8669064748201439,-0.37410071942446044,-0.9784172661870504,-0.15467625899280577,-0.5683453237410072,-0.19784172661870503,-0.7769784172661871,-0.2517985611510791,-0.8920863309352518,-0.31654676258992803,-1.0,-0.050359712230215826,-0.539568345323741,-0.07553956834532374,-0.7410071942446043,-0.11151079136690648,-0.8525179856115108,-0.15827338129496402,-0.9496402877697842,0.07194244604316546,-0.4712230215827338,0.06474820143884892,-0.6438848920863309,0.046762589928057555,-0.7482014388489209,0.01079136690647482,-0.8381294964028777
0,0.0,0.0,-0.17845117845117844,-0.09090909090909091,-0.2996632996632997,-0.2558922558922559,-0.3569023569023569,-0.39730639730639733,-0.41414141414141414,-0.5185185185185185,-0.17845117845117844,-0.5050505050505051,-0.19865319865319866,-0.7070707070707071,-0.21212121212121213,-0.8316498316498316,-0.21885521885521886,-0.9427609427609428,-0.08080808080808081,-0.5218855218855218,-0.08080808080808081,-0.7407407407407407,-0.07744107744107744,-0.8787878787878788,-0.06397306397306397,-1.0,0.010101010101010102,-0.4983164983164983,0.016835016835016835,-0.7070707070707071,0.02356902356902357,-0.8383838383838383,0.03367003367003367,-0.9595959595959596,0.10101010101010101,-0.4377104377104377,0.1111111111111111,-0.6026936026936027,0.11784511784511785,-0.7104377104377104,0.12121212121212122,-0.8148148148148148
0,0.0,0.0,-0.16333333333333333,-0.13,-0.23,-0.3233333333333333,-0.21666666666666667,-0.48,-0.21666666666666667,-0.6166666666666667,-0.03666666666666667,-0.52,0.02666666666666667,-0.7166666666666667,0.06666666666666667,-0.8433333333333334,0.10666666666666667,-0.9566666666666667,0.06333333333333334,-0.5166666666666667,0.13666666666666666,-0.7333333333333333,0.18666666666666668,-0.8733333333333333,0.23333333333333334,-1.0,0.14666666666666667,-0.47333333333333333,0.21333333333333335,-0.6733333333333333,0.2633333333333333,-0.8033333333333333,0.30666666666666664,-0.9166666666666666,0.22,-0.3933333333333333,0.2733333333333333,-0.5466666666666666,0.30333333333333334,-0.65,0.33,-0.7466666666666667
0,0.0,0.0,-0.1791044776119403,-0.10074626865671642,-0.291044776119403,-0.2835820895522388,-0.31716417910447764,-0.43656716417910446,-0.35074626865671643,-0.5522388059701493,-0.16417910447761194,-0.5223880597014925,-0.17537313432835822,-0.7201492537313433,-0.1791044776119403,-0.8470149253731343,-0.17164179104477612,-0.9626865671641791,-0.06343283582089553,-0.5261194029850746,-0.07462686567164178,-0.7425373134328358,-0.0708955223880597,-0.8805970149253731,-0.05970149253731343,-1.0,0.026119402985074626,-0.4925373134328358,0.026119402985074626,-0.6977611940298507,0.022388059701492536,-0.8246268656716418,0.018656716417910446,-0.9328358208955224,0.12686567164179105,-0.4291044776119403,0.12686567164179105,-0.5932835820895522,0.11567164179104478,-0.7014925373134329,0.1044776119402985,-0.7910447761194029
0,0.0,0.0,-0.1856060606060606,-0.08712121212121213,-0.3143939393939394,-0.2537878787878788,-0.36742424242424243,-0.4090909090909091,-0.42803030303030304,-0.5265151515151515,-0.21212121212121213,-0.4810606060606061,-0.26515151515151514,-0.6704545454545454,-0.2916666666666667,-0.7840909090909091,-0.3068181818181818,-0.8939393939393939,-0.10984848484848485,-0.5151515151515151,-0.14015151515151514,-0.7348484848484849,-0.15151515151515152,-0.8712121212121212,-0.1553030303030303,-1.0,-0.015151515151515152,-0.5,-0.026515151515151516,-0.7007575757575758,-0.030303030303030304,-0.8295454545454546,-0.03409090909090909,-0.946969696969697,0.08333333333333333,-0.44696969696969696,0.07954545454545454,-0.5984848484848485,0.06818181818181818,-0.696969696969697,0.056818181818181816,-0.7916666666666666
0,0.0,0.0,-0.15625,-0.12109375,-0.23828125,-0.31640625,-0.2421875,-0.48046875,-0.25390625,-0.6171875,-0.05859375,-0.51953125,-0.02734375,-0.71875,-0.0078125,-0.84375,0.01953125,-0.953125,0.05078125,-0.51953125,0.09765625,-0.73828125,0.1328125,-0.87890625,0.16796875,-1.0,0.14453125,-0.48046875,0.19921875,-0.671875,0.234375,-0.796875,0.265625,-0.90625,0.22265625,-0.40625,0.26953125,-0.53515625,0.28515625,-0.625,0.296875,-0.703125
0,0.0,0.0,-0.17073170731707318,-0.0975609756097561,-0.2886178861788618,-0.2804878048780488,-0.34552845528455284,-0.43902439024390244,-0.42276422764227645,-0.5528455284552846,-0.15447154471544716,-0.4878048780487805,-0.18292682926829268,-0.6910569105691057,-0.1991869918699187,-0.8170731707317073,-0.21138211382113822,-0.9308943089430894,-0.052845528455284556,-0.508130081300813,-0.06504065040650407,-0.7276422764227642,-0.06910569105691057,-0.8699186991869918,-0.06910569105691057,-1.0,0.044715447154471545,-0.4878048780487805,0.04878048780487805,-0.6910569105691057,0.052845528455284556,-0.8211382113821138,0.052845528455284556,-0.9390243902439024,0.13821138211382114,-0.4349593495934959,0.15447154471544716,-0.5853658536585366,0.14634146341463414,-0.6788617886178862,0.13008130081300814,-0.7601626016260162
0,0.0,0.0,-0.2,-0.07555555555555556,-0.3466666666666667,-0.24888888888888888,-0.41333333333333333,-0.4177777777777778,-0.49333333333333335,-0.5377777777777778,-0.24444444444444444,-0.49333333333333335,-0.31555555555555553,-0.6755555555555556,-0.36,-0.7866666666666666,-0.39555555555555555,-0.8933333333333333,-0.13777777777777778,-0.5333333333333333,-0.18666666666666668,-0.7466666666666667,-0.21777777777777776,-0.8755555555555555,-0.24,-1.0,-0.04,-0.5288888888888889,-0.06666666666666667,-0.7244444444444444,-0.08,-0.8488888888888889,-0.09777777777777778,-0.9644444444444444,0.06666666666666667,-0.48444444444444446,0.057777777777777775,-0.6355555555555555,0.04,-0.7333333333333333,0.022222222222222223,-0.8266666666666667
0,0.0,0.0,-0.1651376146788991,-0.09174311926605505,-0.27522935779816515,-0.2706422018348624,-0.3073394495412844,-0.42660550458715596,-0.3348623853211009,-0.5504587155963303,-0.10550458715596331,-0.5045871559633027,-0.10550458715596331,-0.6972477064220184,-0.10550458715596331,-0.8165137614678899,-0.0963302752293578,-0.9220183486238532,0.0,-0.5275229357798165,0.0045871559633027525,-0.7431192660550459,0.013761467889908258,-0.8807339449541285,0.027522935779816515,-1.0,0.09174311926605505,-0.5137614678899083,0.11467889908256881,-0.7110091743119266,0.13302752293577982,-0.8302752293577982,0.15137614678899083,-0.9357798165137615,0.1834862385321101,-0.45871559633027525,0.20642201834862386,-0.6055045871559633,0.21559633027522937,-0.6880733944954128,0.22477064220183487,-0.7614678899082569
0,0.0,0.0,-0.1658291457286432,-0.09045226130653267,-0.2864321608040201,-0.2663316582914573,-0.35175879396984927,-0.41708542713567837,-0.3869346733668342,-0.542713567839196,-0.1407035175879397,-0.5025125628140703,-0.17587939698492464,-0.7085427135678392,-0.19095477386934673,-0.8291457286432161,-0.20100502512562815,-0.9346733668341709,-0.035175879396984924,-0.5226130653266332,-0.06030150753768844,-0.7437185929648241,-0.07035175879396985,-0.8844221105527639,-0.07035175879396985,-1.0,0.07035175879396985,-0.49246231155778897,0.07537688442211055,-0.7035175879396985,0.08040201005025126,-0.8291457286432161,0.08040201005025126,-0.9447236180904522,0.17587939698492464,-0.4271356783919598,0.19095477386934673,-0.5728643216080402,0.18592964824120603,-0.6532663316582915,0.1708542713567839,-0.7286432160804021
0,0.0,0.0,-0.21081081081081082,-0.04864864864864865,-0.3837837837837838,-0.2,-0.4810810810810811,-0.34594594594594597,-0.5891891891891892,-0.4540540540540541,-0.31891891891891894,-0.4756756756756757,-0.41081081081081083,-0.6648648648648648,-0.4756756756756757,-0.772972972972973,-0.5297297297297298,-0.8810810810810811,-0.21621621621621623,-0.5297297297297298,-0.2810810810810811,-0.745945945945946,-0.32972972972972975,-0.8810810810810811,-0.3783783783783784,-1.0,-0.10810810810810811,-0.5243243243243243,-0.15135135135135136,-0.7297297297297297,-0.17297297297297298,-0.8594594594594595,-0.20540540540540542,-0.9783783783783784,0.005405405405405406,-0.4864864864864865,-0.021621621621621623,-0.6432432432432432,-0.043243243243243246,-0.7405405405405405,-0.08108108108108109,-0.8378378378378378
0,0.0,0.0,-0.16161616161616163,-0.07575757575757576,-0.2777777777777778,-0.24242424242424243,-0.3383838383838384,-0.3888888888888889,-0.3888888888888889,-0.51010101010101,-0.15656565656565657,-0.46464646464646464,-0.20707070707070707,-0.6565656565656566,-0.24242424242424243,-0.7777777777777778,-0.25757575757575757,-0.8888888888888888,-0.05555555555555555,-0.5,-0.06565656565656566,-0.7222222222222222,-0.0707070707070707,-0.8686868686868687,-0.06060606060606061,-1.0,0.04040404040404041,-0.48484848484848486,0.05555555555555555,-0.6919191919191919,0.0707070707070707,-0.8232323232323232,0.07575757575757576,-0.9343434343434344,0.12626262626262627,-0.43434343434343436,0.15151515151515152,-0.5757575757575758,0.15656565656565657,-0.6818181818181818,0.14646464646464646,-0.7777777777777778
0,0.0,0.0,-0.17894736842105263,-0.07894736842105263,-0.3157894736842105,-0.24736842105263157,-0.38421052631578945,-0.4,-0.4263157894736842,-0.5263157894736842,-0.17894736842105263,-0.4789473684210526,-0.23684210526315788,-0.6736842105263158,-0.26842105263157895,-0.8,-0.28421052631578947,-0.9105263157894737,-0.07368421052631578,-0.5157894736842106,-0.1,-0.7368421052631579,-0.10526315789473684,-0.8789473684210526,-0.11052631578947368,-1.0,0.031578947368421054,-0.5105263157894737,0.031578947368421054,-0.7105263157894737,0.03684210526315789,-0.8368421052631579,0.03684210526315789,-0.9421052631578948,0.13157894736842105,-0.46842105263157896,0.14210526315789473,-0.6210526315789474,0.14210526315789473,-0.7105263157894737,0.1368421052631579,-0.7842105263157895
0,0.0,0.0,-0.19576719576719576,-0.06349206349206349,-0.3544973544973545,-0.2275132275132275,-0.43915343915343913,-0.37037037037037035,-0.5343915343915344,-0.4708994708994709,-0.25925925925925924,-0.4708994708994709,-0.3439153439153439,-0.656084656084656,-0.3915343915343915,-0.7724867724867724,-0.43386243386243384,-0.8783068783068783,-0.15343915343915343,-0.5185185185185185,-0.20634920634920634,-0.7354497354497355,-0.23809523809523808,-0.8783068783068783,-0.25925925925925924,-1.0,-0.047619047619047616,-0.5132275132275133,-0.07936507936507936,-0.7142857142857143,-0.09523809523809523,-0.8465608465608465,-0.1164021164021164,-0.9629629629629629,0.06349206349206349,-0.4708994708994709,0.047619047619047616,-0.6243386243386243,0.026455026455026454,-0.7248677248677249,0.005291005291005291,-0.8201058201058201
0,0.0,0.0,-0.17435897435897435,-0.08205128205128205,-0.29743589743589743,-0.24615384615384617,-0.3384615384615385,-0.40512820512820513,-0.38974358974358975,-0.5282051282051282,-0.14871794871794872,-0.47692307692307695,-0.1794871794871795,-0.6820512820512821,-0.18974358974358974,-0.8051282051282052,-0.18974358974358974,-0.9179487179487179,-0.03076923076923077,-0.5128205128205128,-0.035897435897435895,-0.7384615384615385,-0.03076923076923077,-0.882051282051282,-0.015384615384615385,-1.0,0.07692307692307693,-0.5076923076923077,0.08717948717948718,-0.7128205128205128,0.09743589743589744,-0.8358974358974359,0.11282051282051282,-0.9435897435897436,0.1794871794871795,-0.4717948717948718,0.18974358974358974,-0.6307692307692307,0.20512820512820512,-0.717948717948718,0.2153846153846154,-0.7948717948717948
0,0.0,0.0,-0.1890547263681592,-0.07462686567164178,-0.3283582089552239,-0.24875621890547264,-0.3781094527363184,-0.4079601990049751,-0.4427860696517413,-0.5323383084577115,-0.19402985074626866,-0.47761194029850745,-0.24378109452736318,-0.6766169154228856,-0.2736318407960199,-0.8009950248756219,-0.2935323383084577,-0.9154228855721394,-0.07960199004975124,-0.5124378109452736,-0.0945273631840796,-0.736318407960199,-0.1044776119402985,-0.8805970149253731,-0.11442786069651742,-1.0,0.029850746268656716,-0.4975124378109453,0.029850746268656716,-0.7064676616915423,0.029850746268656716,-0.8407960199004975,0.01990049751243781,-0.9552238805970149,0.13432835820895522,-0.4527363184079602,0.13930348258706468,-0.6069651741293532,0.13432835820895522,-0.7114427860696517,0.12935323383084577,-0.8109452736318408
0,0.0,0.0,-0.2,-0.07368421052631578,-0.3631578947368421,-0.23684210526315788,-0.45263157894736844,-0.37894736842105264,-0.5473684210526316,-0.4789473684210526,-0.2789473684210526,-0.4842105263157895,-0.3736842105263158,-0.6631578947368421,-0.4421052631578947,-0.7736842105263158,-0.5,-0.8736842105263158,-0.17894736842105263,-0.5263157894736842,-0.24736842105263157,-0.7473684210526316,-0.29473684210526313,-0.8842105263157894,-0.34210526315789475,-1.0,-0.07368421052631578,-0.531578947368421,-0.11578947368421053,-0.7421052631578947,-0.15263157894736842,-0.8736842105263158,-0.18947368421052632,-0.9894736842105263,0.03684210526315789,-0.49473684210526314,0.015789473684210527,-0.6526315789473685,-0.010526315789473684,-0.7631578947368421,-0.042105263157894736,-0.8578947368421053
0,0.0,0.0,-0.20105820105820105,-0.0582010582010582,-0.3544973544973545,-0.2222222222222222,-0.43915343915343913,-0.36507936507936506,-0.5396825396825397,-0.4603174603174603,-0.2804232804232804,-0.48148148148148145,-0.37037037037037035,-0.6613756613756614,-0.43386243386243384,-0.7724867724867724,-0.48148148148148145,-0.8783068783068783,-0.17989417989417988,-0.5291005291005291,-0.25396825396825395,-0.7407407407407407,-0.30687830687830686,-0.8783068783068783,-0.3544973544973545,-1.0,-0.07407407407407407,-0.5343915343915344,-0.12169312169312169,-0.7354497354497355,-0.15343915343915343,-0.8677248677248677,-0.19576719576719576,-0.9894179894179894,0.031746031746031744,-0.4973544973544973,0.010582010582010581,-0.656084656084656,-0.015873015873015872,-0.7619047619047619,-0.047619047619047616,-0.8624338624338624
0,0.0,0.0,-0.18781725888324874,-0.06091370558375635,-0.3248730964467005,-0.22842639593908629,-0.38578680203045684,-0.38578680203045684,-0.4619289340101523,-0.4720812182741117,-0.20812182741116753,-0.4720812182741117,-0.27411167512690354,-0.6598984771573604,-0.3147208121827411,-0.7766497461928934,-0.350253807106599,-0.883248730964467,-0.1065989847715736,-0.5126903553299492,-0.14720812182741116,-0.7360406091370558,-0.17766497461928935,-0.8781725888324873,-0.20304568527918782,-1.0,-0.005076142131979695,-0.5076142131979695,-0.025380710659898477,-0.7106598984771574,-0.04568527918781726,-0.8477157360406091,-0.06598984771573604,-0.9695431472081218,0.09644670050761421,-0.4720812182741117,0.08629441624365482,-0.6243654822335025,0.07106598984771574,-0.7309644670050761,0.050761421319796954,-0.8274111675126904
0,0.0,0.0,-0.19072164948453607,-0.06701030927835051,-0.33505154639175255,-0.2268041237113402,-0.4020618556701031,-0.3711340206185567,-0.4639175257731959,-0.4742268041237113,-0.20103092783505155,-0.4742268041237113,-0.25773195876288657,-0.6649484536082474,-0.29896907216494845,-0.7835051546391752,-0.3247422680412371,-0.8865979381443299,-0.0979381443298969,-0.5103092783505154,-0.13402061855670103,-0.7319587628865979,-0.16494845360824742,-0.8762886597938144,-0.18556701030927836,-1.0,0.005154639175257732,-0.5103092783505154,-0.015463917525773196,-0.711340206185567,-0.030927835051546393,-0.845360824742268,-0.05670103092783505,-0.9587628865979382,0.10824742268041238,-0.4690721649484536,0.10309278350515463,-0.6288659793814433,0.09278350515463918,-0.7319587628865979,0.07216494845360824,-0.8247422680412371
0,0.0,0.0,-0.20108695652173914,-0.043478260869565216,-0.3695652173913043,-0.19021739130434784,-0.4673913043478261,-0.32608695652173914,-0.5543478260869565,-0.41847826086956524,-0.28804347826086957,-0.4673913043478261,-0.3804347826086957,-0.657608695652174,-0.43478260869565216,-0.7771739130434783,-0.483695652173913,-0.8858695652173914,-0.20108695652173914,-0.5163043478260869,-0.27717391304347827,-0.7336956521739131,-0.32065217391304346,-0.8804347826086957,-0.3532608695652174,-1.0,-0.10326086956521739,-0.5271739130434783,-0.15217391304347827,-0.7336956521739131,-0.17391304347826086,-0.8695652173913043,-0.20108695652173914,-0.9891304347826086,0.005434782608695652,-0.5,-0.016304347826086956,-0.657608695652174,-0.043478260869565216,-0.7663043478260869,-0.07608695652173914,-0.8586956521739131
0,0.0,0.0,-0.1958762886597938,-0.06701030927835051,-0.34536082474226804,-0.23711340206185566,-0.4072164948453608,-0.3917525773195876,-0.4793814432989691,-0.4896907216494845,-0.23195876288659795,-0.4742268041237113,-0.29896907216494845,-0.6649484536082474,-0.34536082474226804,-0.7783505154639175,-0.38144329896907214,-0.8814432989690721,-0.12371134020618557,-0.5154639175257731,-0.17010309278350516,-0.7371134020618557,-0.20618556701030927,-0.8814432989690721,-0.23711340206185566,-1.0,-0.020618556701030927,-0.520618556701031,-0.04639175257731959,-0.7268041237113402,-0.06701030927835051,-0.8608247422680413,-0.09278350515463918,-0.9742268041237113,0.08762886597938144,-0.4845360824742268,0.08247422680412371,-0.6443298969072165,0.06701030927835051,-0.7474226804123711,0.04639175257731959,-0.845360824742268
0,0.0,0.0,-0.2,-0.05263157894736842,-0.35789473684210527,-0.22105263157894736,-0.4368421052631579,-0.3684210526315789,-0.5157894736842106,-0.45789473684210524,-0.2578947368421053,-0.46842105263157896,-0.34210526315789475,-0.6526315789473685,-0.4,-0.7631578947368421,-0.45263157894736844,-0.868421052631579,-0.15263157894736842,-0.5157894736842106,-0.22105263157894736,-0.7315789473684211,-0.2631578947368421,-0.8736842105263158,-0.3,-1.0,-0.05263157894736842,-0.5210526315789473,-0.09473684210526316,-0.7210526315789474,-0.12105263157894737,-0.8578947368421053,-0.15789473684210525,-0.9789473684210527,0.05789473684210526,-0.48947368421052634,0.03684210526315789,-0.6421052631578947,0.010526315789473684,-0.7473684210526316,-0.021052631578947368,-0.8421052631578947
0,0.0,0.0,-0.18716577540106952,-0.06417112299465241,-0.3315508021390374,-0.22459893048128343,-0.40106951871657753,-0.3689839572192513,-0.48128342245989303,-0.45454545454545453,-0.23529411764705882,-0.47593582887700536,-0.32085561497326204,-0.6631016042780749,-0.37967914438502676,-0.7754010695187166,-0.42780748663101603,-0.8770053475935828,-0.13368983957219252,-0.5240641711229946,-0.1925133689839572,-0.7433155080213903,-0.24064171122994651,-0.8823529411764706,-0.27807486631016043,-1.0,-0.03208556149732621,-0.5294117647058824,-0.06951871657754011,-0.7433155080213903,-0.0962566844919786,-0.8716577540106952,-0.12299465240641712,-0.983957219251337,0.06417112299465241,-0.5026737967914439,0.0481283422459893,-0.6631016042780749,0.03208556149732621,-0.7647058823529411,0.0106951871657754,-0.8556149732620321
0,0.0,0.0,-0.19170984455958548,-0.06735751295336788,-0.3316062176165803,-0.23834196891191708,-0.38860103626943004,-0.39378238341968913,-0.46632124352331605,-0.49740932642487046,-0.21243523316062177,-0.47150259067357514,-0.2849740932642487,-0.6580310880829016,-0.33678756476683935,-0.772020725388601,-0.37305699481865284,-0.8756476683937824,-0.09844559585492228,-0.5181347150259067,-0.14507772020725387,-0.7409326424870466,-0.17616580310880828,-0.8808290155440415,-0.20725388601036268,-1.0,0.010362694300518135,-0.5181347150259067,-0.010362694300518135,-0.7202072538860104,-0.025906735751295335,-0.8549222797927462,-0.046632124352331605,-0.9740932642487047,0.11398963730569948,-0.47668393782383417,0.10880829015544041,-0.6321243523316062,0.10362694300518134,-0.7357512953367875,0.08290155440414508,-0.8290155440414507
0,0.0,0.0,-0.2275449101796407,-0.029940119760479042,-0.437125748502994,-0.17365269461077845,-0.5688622754491018,-0.2994011976047904,-0.7005988023952096,-0.3772455089820359,-0.4311377245508982,-0.4491017964071856,-0.562874251497006,-0.6287425149700598,-0.6646706586826348,-0.7245508982035929,-0.7664670658682635,-0.8023952095808383,-0.3473053892215569,-0.5149700598802395,-0.47904191616766467,-0.7425149700598802,-0.5808383233532934,-0.8682634730538922,-0.6766467065868264,-0.9760479041916168,-0.24550898203592814,-0.5389221556886228,-0.3532934131736527,-0.7604790419161677,-0.437125748502994,-0.8922155688622755,-0.5209580838323353,-1.0,-0.11976047904191617,-0.5269461077844312,-0.18562874251497005,-0.7005988023952096,-0.24550898203592814,-0.8083832335329342,-0.31736526946107785,-0.8982035928143712
0,0.0,0.0,-0.2,-0.05641025641025641,-0.35384615384615387,-0.2153846153846154,-0.4358974358974359,-0.3641025641025641,-0.5282051282051282,-0.46153846153846156,-0.26666666666666666,-0.4666666666666667,-0.358974358974359,-0.6564102564102564,-0.4153846153846154,-0.7692307692307693,-0.46153846153846156,-0.8769230769230769,-0.1641025641025641,-0.517948717948718,-0.2358974358974359,-0.7384615384615385,-0.28205128205128205,-0.8769230769230769,-0.3230769230769231,-1.0,-0.06153846153846154,-0.5230769230769231,-0.1076923076923077,-0.7282051282051282,-0.13333333333333333,-0.8666666666666667,-0.15897435897435896,-0.9897435897435898,0.05128205128205128,-0.48717948717948717,0.020512820512820513,-0.6461538461538462,-0.005128205128205128,-0.7538461538461538,-0.03076923076923077,-0.8512820512820513
0,0.0,0.0,-0.20967741935483872,-0.043010752688172046,-0.3817204301075269,-0.20430107526881722,-0.4731182795698925,-0.3548387096774194,-0.5752688172043011,-0.44623655913978494,-0.3172043010752688,-0.46236559139784944,-0.41935483870967744,-0.6397849462365591,-0.489247311827957,-0.7473118279569892,-0.5483870967741935,-0.8548387096774194,-0.21505376344086022,-0.521505376344086,-0.3064516129032258,-0.7365591397849462,-0.3655913978494624,-0.8763440860215054,-0.41935483870967744,-1.0,-0.10752688172043011,-0.532258064516129,-0.17204301075268819,-0.7365591397849462,-0.21505376344086022,-0.8709677419354839,-0.26344086021505375,-0.9946236559139785,0.005376344086021506,-0.5,-0.03763440860215054,-0.6612903225806451,-0.07526881720430108,-0.7688172043010753,-0.11827956989247312,-0.8655913978494624
0,0.0,0.0,-0.24293785310734464,-0.022598870056497175,-0.4463276836158192,-0.15819209039548024,-0.576271186440678,-0.2994350282485876,-0.7062146892655368,-0.384180790960452,-0.4180790960451977,-0.4406779661016949,-0.5480225988700564,-0.6271186440677966,-0.6497175141242938,-0.7231638418079096,-0.7401129943502824,-0.8135593220338984,-0.3163841807909605,-0.5141242937853108,-0.4350282485875706,-0.7344632768361582,-0.519774011299435,-0.8757062146892656,-0.6045197740112994,-0.9943502824858758,-0.2033898305084746,-0.5310734463276836,-0.288135593220339,-0.751412429378531,-0.3502824858757062,-0.8870056497175142,-0.4124293785310734,-1.0,-0.07344632768361582,-0.5084745762711864,-0.11864406779661017,-0.6836158192090396,-0.15819209039548024,-0.7966101694915254,-0.21468926553672316,-0.8926553672316384
0,0.0,0.0,-0.2019704433497537,-0.059113300492610835,-0.3448275862068966,-0.22167487684729065,-0.42857142857142855,-0.3694581280788177,-0.5369458128078818,-0.4630541871921182,-0.26108374384236455,-0.4630541871921182,-0.33497536945812806,-0.6502463054187192,-0.3842364532019704,-0.7635467980295566,-0.4236453201970443,-0.8719211822660099,-0.1625615763546798,-0.5123152709359606,-0.21674876847290642,-0.729064039408867,-0.2561576354679803,-0.8719211822660099,-0.29064039408866993,-1.0,-0.06403940886699508,-0.5073891625615764,-0.09359605911330049,-0.7192118226600985,-0.11330049261083744,-0.8522167487684729,-0.13793103448275862,-0.9704433497536946,0.03940886699507389,-0.46798029556650245,0.034482758620689655,-0.625615763546798,0.019704433497536946,-0.729064039408867,0.0,-0.8275862068965517
0,0.0,0.0,-0.2127659574468085,-0.031914893617021274,-0.39361702127659576,-0.18085106382978725,-0.5106382978723404,-0.3191489361702128,-0.6329787234042553,-0.39893617021276595,-0.35638297872340424,-0.43617021276595747,-0.4787234042553192,-0.6117021276595744,-0.5638297872340425,-0.7127659574468085,-0.6382978723404256,-0.8031914893617021,-0.26063829787234044,-0.5,-0.3617021276595745,-0.723404255319149,-0.425531914893617,-0.8670212765957447,-0.48404255319148937,-1.0,-0.14893617021276595,-0.5053191489361702,-0.21808510638297873,-0.723404255319149,-0.2553191489361702,-0.8723404255319149,-0.2925531914893617,-1.0,-0.026595744680851064,-0.46808510638297873,-0.05319148936170213,-0.6382978723404256,-0.09042553191489362,-0.75,-0.13297872340425532,-0.8457446808510638
0,0.0,0.0,-0.2,-0.055,-0.36,-0.2,-0.45,-0.345,-0.55,-0.45,-0.29,-0.45,-0.385,-0.63,-0.45,-0.74,-0.495,-0.85,-0.19,-0.51,-0.26,-0.725,-0.305,-0.87,-0.34,-1.0,-0.08,-0.51,-0.13,-0.71,-0.165,-0.845,-0.195,-0.97,0.03,-0.475,0.005,-0.63,-0.025,-0.735,-0.055,-0.835
0,0.0,0.0,-0.19597989949748743,-0.06030150753768844,-0.35678391959798994,-0.21105527638190955,-0.4371859296482412,-0.35678391959798994,-0.5376884422110553,-0.4623115577889447,-0.271356783919598,-0.4623115577889447,-0.36180904522613067,-0.6432160804020101,-0.4221105527638191,-0.7537688442211056,-0.46733668341708545,-0.864321608040201,-0.1708542713567839,-0.5175879396984925,-0.23618090452261306,-0.7336683417085427,-0.2814070351758794,-0.8743718592964824,-0.3165829145728643,-1.0,-0.06532663316582915,-0.5175879396984925,-0.11055276381909548,-0.7185929648241206,-0.1407035175879397,-0.8542713567839196,-0.1708542713567839,-0.9798994974874372,0.04020100502512563,-0.47738693467336685,0.02512562814070352,-0.6331658291457286,-0.005025125628140704,-0.7386934673366834,-0.04020100502512563,-0.8391959798994975
0,0.0,0.0,-0.20100502512562815,-0.05527638190954774,-0.36180904522613067,-0.20603015075376885,-0.4472361809045226,-0.35678391959798994,-0.542713567839196,-0.46733668341708545,-0.2814070351758794,-0.457286432160804,-0.37185929648241206,-0.6331658291457286,-0.4321608040201005,-0.7437185929648241,-0.4824120603015075,-0.8542713567839196,-0.18090452261306533,-0.507537688442211,-0.24623115577889448,-0.7236180904522613,-0.2914572864321608,-0.8693467336683417,-0.32663316582914576,-1.0,-0.07537688442211055,-0.507537688442211,-0.12060301507537688,-0.7085427135678392,-0.1507537688442211,-0.8442211055276382,-0.18592964824120603,-0.9698492462311558,0.03015075376884422,-0.4723618090452261,0.010050251256281407,-0.628140703517588,-0.020100502512562814,-0.7336683417085427,-0.05527638190954774,-0.8291457286432161
0,0.0,0.0,-0.20304568527918782,-0.05583756345177665,-0.36548223350253806,-0.20812182741116753,-0.45685279187817257,-0.3553299492385787,-0.5583756345177665,-0.45685279187817257,-0.2893401015228426,-0.45685279187817257,-0.38071065989847713,-0.6395939086294417,-0.4416243654822335,-0.751269035532995,-0.49238578680203043,-0.8629441624365483,-0.18781725888324874,-0.5126903553299492,-0.25888324873096447,-0.7309644670050761,-0.29949238578680204,-0.868020304568528,-0.3401015228426396,-1.0,-0.08121827411167512,-0.5177664974619289,-0.12690355329949238,-0.7157360406091371,-0.16243654822335024,-0.8477157360406091,-0.19796954314720813,-0.9746192893401016,0.030456852791878174,-0.48223350253807107,0.0,-0.6345177664974619,-0.025380710659898477,-0.7411167512690355,-0.06091370558375635,-0.8426395939086294
0,0.0,0.0,-0.19289340101522842,-0.06091370558375635,-0.350253807106599,-0.20812182741116753,-0.4365482233502538,-0.3553299492385787,-0.5329949238578681,-0.467005076142132,-0.26903553299492383,-0.467005076142132,-0.350253807106599,-0.6446700507614214,-0.41116751269035534,-0.7563451776649747,-0.45685279187817257,-0.868020304568528,-0.16243654822335024,-0.5177664974619289,-0.22842639593908629,-0.7309644670050761,-0.26903553299492383,-0.8730964467005076,-0.29949238578680204,-1.0,-0.06091370558375635,-0.5126903553299492,-0.10152284263959391,-0.7157360406091371,-0.1319796954314721,-0.8477157360406091,-0.16751269035532995,-0.9695431472081218,0.050761421319796954,-0.4720812182741117,0.030456852791878174,-0.6294416243654822,0.0,-0.7360406091370558,-0.030456852791878174,-0.8324873096446701
0,0.0,0.0,-0.2,-0.06666666666666667,-0.358974358974359,-0.2153846153846154,-0.441025641025641,-0.3641025641025641,-0.5333333333333333,-0.48205128205128206,-0.2717948717948718,-0.4666666666666667,-0.35384615384615387,-0.6461538461538462,-0.41025641025641024,-0.764102564102564,-0.4512820512820513,-0.8717948717948718,-0.16923076923076924,-0.517948717948718,-0.23076923076923078,-0.7333333333333333,-0.2717948717948718,-0.8717948717948718,-0.3128205128205128,-1.0,-0.06153846153846154,-0.5128205128205128,-0.10256410256410256,-0.7230769230769231,-0.13333333333333333,-0.8564102564102564,-0.16923076923076924,-0.9743589743589743,0.046153846153846156,-0.47692307692307695,0.03076923076923077,-0.6307692307692307,0.0,-0.7384615384615385,-0.035897435897435895,-0.841025641025641
0,0.0,0.0,-0.21052631578947367,-0.03684210526315789,-0.37894736842105264,-0.2,-0.4789473684210526,-0.3368421052631579,-0.5894736842105263,-0.41578947368421054,-0.3473684210526316,-0.45789473684210524,-0.45263157894736844,-0.6368421052631579,-0.531578947368421,-0.7473684210526316,-0.5947368421052631,-0.8421052631578947,-0.2631578947368421,-0.5157894736842106,-0.35789473684210527,-0.7263157894736842,-0.41578947368421054,-0.8631578947368421,-0.45789473684210524,-0.9842105263157894,-0.16842105263157894,-0.5263157894736842,-0.23684210526315788,-0.7421052631578947,-0.26842105263157895,-0.8789473684210526,-0.3,-1.0,-0.05263157894736842,-0.5,-0.08421052631578947,-0.6631578947368421,-0.12105263157894737,-0.7631578947368421,-0.1631578947368421,-0.8578947368421053
0,0.0,0.0,-0.21195652173913043,-0.05434782608695652,-0.3858695652173913,-0.22282608695652173,-0.5,-0.3641304347826087,-0.625,-0.43478260869565216,-0.3423913043478261,-0.47282608695652173,-0.44565217391304346,-0.657608695652174,-0.5217391304347826,-0.7663043478260869,-0.5815217391304348,-0.8695652173913043,-0.2554347826086957,-0.5163043478260869,-0.34782608695652173,-0.7336956521739131,-0.40217391304347827,-0.875,-0.44021739130434784,-1.0,-0.15217391304347827,-0.5217391304347826,-0.22282608695652173,-0.7336956521739131,-0.2608695652173913,-0.875,-0.29347826086956524,-0.9945652173913043,-0.03260869565217391,-0.4891304347826087,-0.06521739130434782,-0.657608695652174,-0.10326086956521739,-0.7663043478260869,-0.15217391304347827,-0.8641304347826086
0,0.0,0.0,-0.2265193370165746,-0.016574585635359115,-0.425414364640884,-0.16022099447513813,-0.5524861878453039,-0.30386740331491713,-0.6795580110497238,-0.39779005524861877,-0.39226519337016574,-0.4419889502762431,-0.5303867403314917,-0.6077348066298343,-0.6298342541436464,-0.7071823204419889,-0.712707182320442,-0.8066298342541437,-0.2983425414364641,-0.5138121546961326,-0.430939226519337,-0.7237569060773481,-0.5138121546961326,-0.861878453038674,-0.5911602209944752,-0.988950276243094,-0.19337016574585636,-0.5359116022099447,-0.287292817679558,-0.7403314917127072,-0.34806629834254144,-0.8784530386740331,-0.4088397790055249,-1.0,-0.0718232044198895,-0.5193370165745856,-0.13259668508287292,-0.6795580110497238,-0.17679558011049723,-0.7845303867403315,-0.23204419889502761,-0.8839779005524862
0,0.0,0.0,-0.23204419889502761,-0.011049723756906077,-0.44751381215469616,-0.15469613259668508,-0.574585635359116,-0.30386740331491713,-0.7016574585635359,-0.40331491712707185,-0.425414364640884,-0.43646408839779005,-0.580110497237569,-0.6022099447513812,-0.6961325966850829,-0.6906077348066298,-0.7955801104972375,-0.7845303867403315,-0.3425414364640884,-0.5138121546961326,-0.4972375690607735,-0.7182320441988951,-0.6022099447513812,-0.8453038674033149,-0.6961325966850829,-0.9613259668508287,-0.23756906077348067,-0.5414364640883977,-0.35359116022099446,-0.7513812154696132,-0.425414364640884,-0.8839779005524862,-0.5027624309392266,-1.0,-0.11049723756906077,-0.5303867403314917,-0.18232044198895028,-0.7016574585635359,-0.2430939226519337,-0.8066298342541437,-0.30939226519337015,-0.9005524861878453
0,0.0,0.0,-0.20476190476190476,-0.05238095238095238,-0.36666666666666664,-0.21428571428571427,-0.44761904761904764,-0.35714285714285715,-0.5333333333333333,-0.45714285714285713,-0.2904761904761905,-0.4714285714285714,-0.38571428571428573,-0.6523809523809524,-0.44285714285714284,-0.7619047619047619,-0.4857142857142857,-0.8666666666666667,-0.2,-0.5190476190476191,-0.2761904761904762,-0.7285714285714285,-0.3238095238095238,-0.8714285714285714,-0.3619047619047619,-1.0,-0.10476190476190476,-0.5190476190476191,-0.14285714285714285,-0.7285714285714285,-0.17142857142857143,-0.8666666666666667,-0.2,-0.9904761904761905,0.0,-0.4857142857142857,-0.009523809523809525,-0.6428571428571429,-0.03333333333333333,-0.7476190476190476,-0.06666666666666667,-0.8476190476190476
0,0.0,0.0,-0.19617224880382775,-0.06220095693779904,-0.3492822966507177,-0.22488038277511962,-0.430622009569378,-0.3684210526315789,-0.5263157894736842,-0.45933014354066987,-0.2679425837320574,-0.47368421052631576,-0.36363636363636365,-0.6555023923444976,-0.4258373205741627,-0.7655502392344498,-0.47368421052631576,-0.8660287081339713,-0.16267942583732056,-0.5167464114832536,-0.23923444976076555,-0.7368421052631579,-0.291866028708134,-0.8755980861244019,-0.33014354066985646,-1.0,-0.05741626794258373,-0.5167464114832536,-0.10047846889952153,-0.7272727272727273,-0.13875598086124402,-0.861244019138756,-0.1722488038277512,-0.9808612440191388,0.05263157894736842,-0.48325358851674644,0.019138755980861243,-0.6411483253588517,-0.004784688995215311,-0.7416267942583732,-0.03349282296650718,-0.8325358851674641
0,0.0,0.0,-0.24581005586592178,-0.0335195530726257,-0.45251396648044695,-0.2011173184357542,-0.5698324022346368,-0.3463687150837989,-0.6871508379888268,-0.4301675977653631,-0.4022346368715084,-0.48044692737430167,-0.5251396648044693,-0.659217877094972,-0.6089385474860335,-0.7653631284916201,-0.6871508379888268,-0.8659217877094972,-0.3128491620111732,-0.5363128491620112,-0.43575418994413406,-0.7430167597765364,-0.5195530726256983,-0.8770949720670391,-0.5865921787709497,-0.994413407821229,-0.20670391061452514,-0.5363128491620112,-0.29608938547486036,-0.7486033519553073,-0.3575418994413408,-0.88268156424581,-0.4245810055865922,-1.0,-0.0893854748603352,-0.5027932960893855,-0.1340782122905028,-0.6759776536312849,-0.18994413407821228,-0.7877094972067039,-0.2569832402234637,-0.888268156424581
0,0.0,0.0,-0.2303370786516854,-0.016853932584269662,-0.43258426966292135,-0.16292134831460675,-0.5393258426966292,-0.30337078651685395,-0.6404494382022472,-0.38202247191011235,-0.4044943820224719,-0.46629213483146065,-0.5056179775280899,-0.651685393258427,-0.5730337078651685,-0.7584269662921348,-0.6292134831460674,-0.8595505617977528,-0.3258426966292135,-0.5168539325842697,-0.43820224719101125,-0.7247191011235955,-0.5056179775280899,-0.8595505617977528,-0.550561797752809,-0.9831460674157303,-0.2247191011235955,-0.5224719101123596,-0.3202247191011236,-0.7415730337078652,-0.3707865168539326,-0.8764044943820225,-0.4101123595505618,-1.0,-0.10112359550561797,-0.5,-0.14606741573033707,-0.6685393258426966,-0.19101123595505617,-0.7752808988764045,-0.23595505617977527,-0.8764044943820225
0,0.0,0.0,-0.1881720430107527,-0.04838709677419355,-0.3387096774193548,-0.22580645161290322,-0.3978494623655914,-0.3924731182795699,-0.43010752688172044,-0.489247311827957,-0.23655913978494625,-0.478494623655914,-0.2849462365591398,-0.6720430107526881,-0.3225806451612903,-0.7903225806451613,-0.3548387096774194,-0.8978494623655914,-0.13978494623655913,-0.510752688172043,-0.1881720430107527,-0.7365591397849462,-0.22043010752688172,-0.8763440860215054,-0.24731182795698925,-1.0,-0.043010752688172046,-0.5053763440860215,-0.06989247311827956,-0.7258064516129032,-0.0913978494623656,-0.8602150537634409,-0.11290322580645161,-0.978494623655914,0.05913978494623656,-0.46236559139784944,0.053763440860215055,-0.6290322580645161,0.03763440860215054,-0.7365591397849462,0.016129032258064516,-0.8440860215053764
0,0.0,0.0,-0.2,-0.041176470588235294,-0.37058823529411766,-0.21764705882352942,-0.4470588235294118,-0.38235294117647056,-0.4588235294117647,-0.5117647058823529,-0.3,-0.4647058823529412,-0.40588235294117647,-0.6705882352941176,-0.47058823529411764,-0.8058823529411765,-0.5058823529411764,-0.9294117647058824,-0.21176470588235294,-0.5058823529411764,-0.3235294117647059,-0.7235294117647059,-0.4,-0.8705882352941177,-0.4588235294117647,-1.0,-0.11176470588235295,-0.5058823529411764,-0.18235294117647058,-0.7235294117647059,-0.23529411764705882,-0.8588235294117647,-0.27647058823529413,-0.9705882352941176,0.0058823529411764705,-0.4764705882352941,-0.029411764705882353,-0.6411764705882353,-0.06470588235294118,-0.7470588235294118,-0.1,-0.8470588235294118
0,0.0,0.0,-0.2536231884057971,0.028985507246376812,-0.5217391304347826,-0.10869565217391304,-0.6811594202898551,-0.2536231884057971,-0.8188405797101449,-0.34057971014492755,-0.5579710144927537,-0.427536231884058,-0.7318840579710145,-0.6014492753623188,-0.8405797101449275,-0.6956521739130435,-0.9420289855072463,-0.7971014492753623,-0.4855072463768116,-0.5072463768115942,-0.6739130434782609,-0.717391304347826,-0.7971014492753623,-0.8405797101449275,-0.9130434782608695,-0.9565217391304348,-0.38405797101449274,-0.5507246376811594,-0.5579710144927537,-0.7681159420289855,-0.6739130434782609,-0.8913043478260869,-0.782608695652174,-1.0,-0.2536231884057971,-0.5579710144927537,-0.391304347826087,-0.7246376811594203,-0.5,-0.8260869565217391,-0.6086956521739131,-0.9057971014492754
0,0.0,0.0,-0.21875,-0.0375,-0.4,-0.2125,-0.48125,-0.38125,-0.55,-0.5125,-0.3625,-0.51875,-0.44375,-0.7,-0.5,-0.8125,-0.55,-0.9125,-0.26875,-0.56875,-0.3375,-0.775,-0.3875,-0.89375,-0.4375,-1.0,-0.16875,-0.575,-0.225,-0.775,-0.275,-0.89375,-0.325,-0.99375,-0.05625,-0.55,-0.09375,-0.7125,-0.13125,-0.81875,-0.175,-0.9125
0,0.0,0.0,-0.20481927710843373,-0.05421686746987952,-0.3855421686746988,-0.21084337349397592,-0.4819277108433735,-0.3614457831325301,-0.5421686746987951,-0.4819277108433735,-0.3253012048192771,-0.5,-0.3855421686746988,-0.7048192771084337,-0.42168674698795183,-0.8253012048192772,-0.4578313253012048,-0.9337349397590361,-0.2289156626506024,-0.5421686746987951,-0.29518072289156627,-0.7530120481927711,-0.3433734939759036,-0.8855421686746988,-0.3855421686746988,-1.0,-0.13253012048192772,-0.5421686746987951,-0.18674698795180722,-0.7530120481927711,-0.22289156626506024,-0.8795180722891566,-0.26506024096385544,-0.9879518072289156,-0.018072289156626505,-0.5060240963855421,-0.05421686746987952,-0.6746987951807228,-0.09036144578313253,-0.7771084337349398,-0.12650602409638553,-0.8674698795180723
0,0.0,0.0,-0.2215568862275449,-0.0718562874251497,-0.38922155688622756,-0.23353293413173654,-0.47904191616766467,-0.3712574850299401,-0.562874251497006,-0.47305389221556887,-0.32335329341317365,-0.5089820359281437,-0.40119760479041916,-0.688622754491018,-0.48502994011976047,-0.7724550898203593,-0.5688622754491018,-0.8143712574850299,-0.23952095808383234,-0.5508982035928144,-0.31736526946107785,-0.7664670658682635,-0.40119760479041916,-0.8862275449101796,-0.47305389221556887,-0.9700598802395209,-0.1317365269461078,-0.5568862275449101,-0.20958083832335328,-0.7724550898203593,-0.2634730538922156,-0.8982035928143712,-0.32335329341317365,-1.0,-0.017964071856287425,-0.5269461077844312,-0.05389221556886228,-0.6946107784431138,-0.07784431137724551,-0.8083832335329342,-0.10778443113772455,-0.9101796407185628
0,0.0,0.0,-0.17647058823529413,-0.09090909090909091,-0.2887700534759358,-0.25668449197860965,-0.33689839572192515,-0.41711229946524064,-0.39572192513368987,-0.5401069518716578,-0.15508021390374332,-0.48663101604278075,-0.19786096256684493,-0.679144385026738,-0.22994652406417113,-0.7967914438502673,-0.25668449197860965,-0.9090909090909091,-0.0481283422459893,-0.5080213903743316,-0.058823529411764705,-0.732620320855615,-0.0748663101604278,-0.8770053475935828,-0.09090909090909091,-1.0,0.0481283422459893,-0.4919786096256685,0.06417112299465241,-0.6951871657754011,0.06417112299465241,-0.8235294117647058,0.058823529411764705,-0.9411764705882353,0.1443850267379679,-0.43315508021390375,0.1657754010695187,-0.5828877005347594,0.1711229946524064,-0.6844919786096256,0.16042780748663102,-0.7807486631016043
0,0.0,0.0,-0.21951219512195122,-0.036585365853658534,-0.4146341463414634,-0.18902439024390244,-0.5182926829268293,-0.3353658536585366,-0.6219512195121951,-0.4268292682926829,-0.3902439024390244,-0.4634146341463415,-0.5121951219512195,-0.6341463414634146,-0.6036585365853658,-0.7317073170731707,-0.6829268292682927,-0.823170731707317,-0.3048780487804878,-0.524390243902439,-0.42073170731707316,-0.7378048780487805,-0.5121951219512195,-0.8719512195121951,-0.5853658536585366,-0.9878048780487805,-0.20121951219512196,-0.5426829268292683,-0.2926829268292683,-0.7560975609756098,-0.3597560975609756,-0.8902439024390244,-0.4329268292682927,-1.0,-0.07926829268292683,-0.5121951219512195,-0.12804878048780488,-0.6707317073170732,-0.18292682926829268,-0.7804878048780488,-0.24390243902439024,-0.8658536585365854
0,0.0,0.0,-0.18848167539267016,-0.07853403141361257,-0.32460732984293195,-0.2198952879581152,-0.4031413612565445,-0.3612565445026178,-0.4607329842931937,-0.4869109947643979,-0.2094240837696335,-0.5026178010471204,-0.225130890052356,-0.7120418848167539,-0.2356020942408377,-0.837696335078534,-0.24607329842931938,-0.9528795811518325,-0.12041884816753927,-0.5235602094240838,-0.13089005235602094,-0.7382198952879581,-0.14659685863874344,-0.8795811518324608,-0.16230366492146597,-1.0,-0.031413612565445025,-0.5130890052356021,-0.020942408376963352,-0.7120418848167539,-0.020942408376963352,-0.8481675392670157,-0.020942408376963352,-0.9685863874345549,0.06282722513089005,-0.4607329842931937,0.07853403141361257,-0.612565445026178,0.07329842931937172,-0.7225130890052356,0.05759162303664921,-0.8272251308900523
0,0.0,0.0,-0.17435897435897435,-0.07179487179487179,-0.3128205128205128,-0.2205128205128205,-0.41025641025641024,-0.3435897435897436,-0.49743589743589745,-0.4512820512820513,-0.2205128205128205,-0.48717948717948717,-0.2564102564102564,-0.6871794871794872,-0.28205128205128205,-0.8153846153846154,-0.29743589743589743,-0.9333333333333333,-0.1282051282051282,-0.5076923076923077,-0.15897435897435896,-0.7230769230769231,-0.19487179487179487,-0.8666666666666667,-0.22564102564102564,-1.0,-0.041025641025641026,-0.49230769230769234,-0.046153846153846156,-0.6923076923076923,-0.06153846153846154,-0.8205128205128205,-0.07692307692307693,-0.9435897435897436,0.05128205128205128,-0.4358974358974359,0.06153846153846154,-0.5897435897435898,0.046153846153846156,-0.6974358974358974,0.020512820512820513,-0.7948717948717948
0,0.0,0.0,-0.1945945945945946,-0.07567567567567568,-0.32432432432432434,-0.24324324324324326,-0.3945945945945946,-0.3837837837837838,-0.4702702702702703,-0.4810810810810811,-0.25405405405405407,-0.4918918918918919,-0.32972972972972975,-0.6648648648648648,-0.3945945945945946,-0.7675675675675676,-0.4594594594594595,-0.8702702702702703,-0.1783783783783784,-0.5351351351351351,-0.23783783783783785,-0.745945945945946,-0.2972972972972973,-0.8810810810810811,-0.35135135135135137,-1.0,-0.0972972972972973,-0.5351351351351351,-0.12972972972972974,-0.7405405405405405,-0.16756756756756758,-0.8756756756756757,-0.21621621621621623,-0.9891891891891892,-0.010810810810810811,-0.4972972972972973,-0.010810810810810811,-0.6594594594594595,-0.02702702702702703,-0.7675675675675676,-0.05405405405405406,-0.8648648648648649
0,0.0,0.0,-0.1477832512315271,-0.13793103448275862,-0.18719211822660098,-0.33497536945812806,-0.1724137931034483,-0.4975369458128079,-0.1625615763546798,-0.625615763546798,0.0,-0.5073891625615764,-0.014778325123152709,-0.6945812807881774,-0.03940886699507389,-0.812807881773399,-0.054187192118226604,-0.9211822660098522,0.10344827586206896,-0.5172413793103449,0.12315270935960591,-0.729064039408867,0.11330049261083744,-0.8768472906403941,0.10837438423645321,-1.0,0.1921182266009852,-0.47783251231527096,0.2413793103448276,-0.6798029556650246,0.2512315270935961,-0.8177339901477833,0.2512315270935961,-0.9359605911330049,0.270935960591133,-0.4088669950738916,0.33004926108374383,-0.5566502463054187,0.3497536945812808,-0.6650246305418719,0.3497536945812808,-0.7635467980295566
0,0.0,0.0,-0.18433179723502305,-0.09216589861751152,-0.2995391705069124,-0.2857142857142857,-0.3456221198156682,-0.4377880184331797,-0.4009216589861751,-0.5483870967741935,-0.1889400921658986,-0.5069124423963134,-0.2672811059907834,-0.6774193548387096,-0.3317972350230415,-0.783410138248848,-0.391705069124424,-0.880184331797235,-0.0967741935483871,-0.5391705069124424,-0.16129032258064516,-0.7465437788018433,-0.21658986175115208,-0.880184331797235,-0.2764976958525346,-1.0,0.0,-0.5299539170506913,-0.02304147465437788,-0.7373271889400922,-0.059907834101382486,-0.8663594470046083,-0.10599078341013825,-0.9815668202764977,0.0967741935483871,-0.48847926267281105,0.0967741935483871,-0.6451612903225806,0.08294930875576037,-0.7511520737327189,0.055299539170506916,-0.8525345622119815
0,0.0,0.0,-0.125,-0.14655172413793102,-0.1724137931034483,-0.34913793103448276,-0.1810344827586207,-0.5,-0.20689655172413793,-0.625,0.008620689655172414,-0.5344827586206896,0.017241379310344827,-0.728448275862069,0.0,-0.853448275862069,-0.017241379310344827,-0.9525862068965517,0.09051724137931035,-0.5344827586206896,0.1206896551724138,-0.7456896551724138,0.1206896551724138,-0.8879310344827587,0.1206896551724138,-1.0,0.16379310344827586,-0.5,0.21120689655172414,-0.7112068965517241,0.23275862068965517,-0.8405172413793104,0.24568965517241378,-0.9482758620689655,0.23275862068965517,-0.4396551724137931,0.28448275862068967,-0.5905172413793104,0.3146551724137931,-0.6896551724137931,0.33620689655172414,-0.7758620689655172
0,0.0,0.0,-0.16,-0.12444444444444444,-0.26666666666666666,-0.29777777777777775,-0.3333333333333333,-0.43555555555555553,-0.39555555555555555,-0.5511111111111111,-0.09333333333333334,-0.5288888888888889,-0.10666666666666667,-0.7155555555555555,-0.13333333333333333,-0.8311111111111111,-0.1688888888888889,-0.9377777777777778,0.008888888888888889,-0.5288888888888889,0.022222222222222223,-0.7422222222222222,0.0044444444444444444,-0.88,-0.02666666666666667,-1.0,0.09777777777777778,-0.4888888888888889,0.14666666666666667,-0.6888888888888889,0.1511111111111111,-0.8222222222222222,0.13777777777777778,-0.9377777777777778,0.17777777777777778,-0.4088888888888889,0.24888888888888888,-0.56,0.28444444444444444,-0.6711111111111111,0.3022222222222222,-0.7777777777777778
0,0.0,0.0,-0.20192307692307693,-0.04807692307692308,-0.36538461538461536,-0.16346153846153846,-0.4807692307692308,-0.27403846153846156,-0.5865384615384616,-0.3798076923076923,-0.2980769230769231,-0.46153846153846156,-0.3942307692307692,-0.6394230769230769,-0.46634615384615385,-0.7451923076923077,-0.5288461538461539,-0.8509615384615384,-0.1971153846153846,-0.5096153846153846,-0.2548076923076923,-0.7307692307692307,-0.30288461538461536,-0.8701923076923077,-0.35096153846153844,-1.0,-0.09615384615384616,-0.4951923076923077,-0.10576923076923077,-0.7067307692307693,-0.1346153846153846,-0.8461538461538461,-0.17307692307692307,-0.9711538461538461,0.004807692307692308,-0.4375,0.03365384615384615,-0.5913461538461539,0.028846153846153848,-0.7067307692307693,0.019230769230769232,-0.8173076923076923
0,0.0,0.0,-0.21243523316062177,0.0,-0.40932642487046633,-0.07772020725388601,-0.5595854922279793,-0.15544041450777202,-0.689119170984456,-0.22797927461139897,-0.43523316062176165,-0.43005181347150256,-0.5854922279792746,-0.6010362694300518,-0.6839378238341969,-0.7098445595854922,-0.7616580310880829,-0.7979274611398963,-0.3316062176165803,-0.5025906735751295,-0.43005181347150256,-0.7305699481865285,-0.5077720207253886,-0.8601036269430051,-0.5699481865284974,-0.9740932642487047,-0.20725388601036268,-0.5233160621761658,-0.26424870466321243,-0.7409326424870466,-0.3160621761658031,-0.8808290155440415,-0.36787564766839376,-1.0,-0.07253886010362694,-0.48704663212435234,-0.07772020725388601,-0.6683937823834197,-0.09326424870466321,-0.7875647668393783,-0.11398963730569948,-0.9067357512953368
0,0.0,0.0,-0.24157303370786518,0.0056179775280898875,-0.47191011235955055,-0.07303370786516854,-0.6460674157303371,-0.1348314606741573,-0.797752808988764,-0.16292134831460675,-0.4943820224719101,-0.4044943820224719,-0.6910112359550562,-0.5561797752808989,-0.8146067415730337,-0.6460674157303371,-0.9213483146067416,-0.7303370786516854,-0.39325842696629215,-0.4887640449438202,-0.5561797752808989,-0.6966292134831461,-0.6629213483146067,-0.8314606741573034,-0.7584269662921348,-0.9606741573033708,-0.2640449438202247,-0.5168539325842697,-0.3651685393258427,-0.7303370786516854,-0.449438202247191,-0.8764044943820225,-0.5280898876404494,-1.0,-0.11235955056179775,-0.5,-0.15168539325842698,-0.6853932584269663,-0.19662921348314608,-0.8089887640449438,-0.24719101123595505,-0.9157303370786517
0,0.0,0.0,-0.21164021164021163,0.06878306878306878,-0.4603174603174603,0.026455026455026454,-0.6402116402116402,-0.05291005291005291,-0.7936507936507936,-0.10052910052910052,-0.5608465608465608,-0.2698412698412698,-0.7619047619047619,-0.3862433862433862,-0.8888888888888888,-0.455026455026455,-1.0,-0.5185185185185185,-0.49206349206349204,-0.38095238095238093,-0.6878306878306878,-0.544973544973545,-0.8148148148148148,-0.6507936507936508,-0.9259259259259259,-0.7407407407407407,-0.3862433862433862,-0.43915343915343913,-0.5396825396825397,-0.6137566137566137,-0.6402116402116402,-0.7195767195767195,-0.7354497354497355,-0.8095238095238095,-0.25396825396825395,-0.4603174603174603,-0.3492063492063492,-0.6084656084656085,-0.41798941798941797,-0.6984126984126984,-0.49206349206349204,-0.7777777777777778
1,0.0,0.0,-0.11046511627906977,0.13953488372093023,-0.12209302325581395,0.38953488372093026,-0.01744186046511628,0.5930232558139535,0.0755813953488372,0.7441860465116279,-0.31976744186046513,0.4127906976744186,-0.37790697674418605,0.686046511627907,-0.3953488372093023,0.8604651162790697,-0.4127906976744186,1.0,-0.2441860465116279,0.37209302325581395,-0.18023255813953487,0.7093023255813954,-0.046511627906976744,0.6976744186046512,0.005813953488372093,0.6162790697674418,-0.11627906976744186,0.31976744186046513,-0.01744186046511628,0.627906976744186,0.06395348837209303,0.5872093023255814,0.06976744186046512,0.5,0.029069767441860465,0.26744186046511625,0.13372093023255813,0.5290697674418605,0.18604651162790697,0.5290697674418605,0.18604651162790697,0.46511627906976744
1,0.0,0.0,-0.12359550561797752,0.16853932584269662,-0.15730337078651685,0.4044943820224719,-0.0898876404494382,0.6123595505617978,-0.02247191011235955,0.7696629213483146,-0.42696629213483145,0.4101123595505618,-0.5168539325842697,0.6853932584269663,-0.5561797752808989,0.8595505617977528,-0.601123595505618,1.0,-0.37640449438202245,0.37640449438202245,-0.33146067415730335,0.7247191011235955,-0.20224719101123595,0.7134831460674157,-0.15730337078651685,0.651685393258427,-0.25280898876404495,0.34269662921348315,-0.16853932584269662,0.6629213483146067,-0.06741573033707865,0.6460674157303371,-0.0449438202247191,0.5786516853932584,-0.09550561797752809,0.3202247191011236,-0.011235955056179775,0.5561797752808989,0.03932584269662921,0.601123595505618,0.0449438202247191,0.601123595505618
1,0.0,0.0,-0.0582010582010582,0.18518518518518517,-0.07407407407407407,0.4021164021164021,-0.005291005291005291,0.5767195767195767,0.05291005291005291,0.7195767195767195,-0.3544973544973545,0.455026455026455,-0.4021164021164021,0.6984126984126984,-0.4126984126984127,0.8677248677248677,-0.42857142857142855,1.0,-0.32275132275132273,0.4021164021164021,-0.2275132275132275,0.7037037037037037,-0.12698412698412698,0.7142857142857143,-0.08465608465608465,0.6772486772486772,-0.2222222222222222,0.3492063492063492,-0.0582010582010582,0.5978835978835979,0.005291005291005291,0.5608465608465608,0.0,0.5026455026455027,-0.08465608465608465,0.2962962962962963,0.042328042328042326,0.5026455026455027,0.08465608465608465,0.5132275132275133,0.07407407407407407,0.4973544973544973
1,0.0,0.0,-0.04455445544554455,0.21782178217821782,-0.039603960396039604,0.4158415841584158,0.054455445544554455,0.5693069306930693,0.1485148514851485,0.6831683168316832,-0.3118811881188119,0.46534653465346537,-0.28217821782178215,0.7128712871287128,-0.2376237623762376,0.8762376237623762,-0.20297029702970298,1.0,-0.29207920792079206,0.3811881188118812,-0.13366336633663367,0.6584158415841584,-0.009900990099009901,0.6287128712871287,0.024752475247524754,0.5693069306930693,-0.20297029702970298,0.30198019801980197,-0.0049504950495049506,0.5396039603960396,0.07920792079207921,0.5,0.06435643564356436,0.44554455445544555,-0.0891089108910891,0.23267326732673269,0.07920792079207921,0.4158415841584158,0.14356435643564355,0.4306930693069307,0.13861386138613863,0.40594059405940597
1,0.0,0.0,-0.03488372093023256,0.2616279069767442,-0.0872093023255814,0.45348837209302323,-0.10465116279069768,0.5988372093023255,-0.0872093023255814,0.7267441860465116,-0.45930232558139533,0.43023255813953487,-0.5290697674418605,0.686046511627907,-0.5581395348837209,0.8604651162790697,-0.6046511627906976,1.0,-0.43023255813953487,0.3546511627906977,-0.38372093023255816,0.6686046511627907,-0.22093023255813954,0.6744186046511628,-0.16279069767441862,0.6104651162790697,-0.3313953488372093,0.3023255813953488,-0.22674418604651161,0.5988372093023255,-0.11046511627906977,0.5755813953488372,-0.10465116279069768,0.4883720930232558,-0.19186046511627908,0.26744186046511625,-0.0755813953488372,0.5058139534883721,0.011627906976744186,0.4941860465116279,0.011627906976744186,0.42441860465116277
1,0.0,0.0,-0.046875,0.18229166666666666,-0.041666666666666664,0.390625,0.036458333333333336,0.5520833333333334,0.09375,0.6770833333333334,-0.3125,0.4427083333333333,-0.3072916666666667,0.7083333333333334,-0.296875,0.8697916666666666,-0.3020833333333333,1.0,-0.28125,0.375,-0.19270833333333334,0.65625,-0.0625,0.65625,0.005208333333333333,0.609375,-0.19270833333333334,0.3020833333333333,-0.026041666666666668,0.53125,0.052083333333333336,0.484375,0.041666666666666664,0.421875,-0.06770833333333333,0.23958333333333334,0.08333333333333333,0.4270833333333333,0.11979166666666667,0.3854166666666667,0.08333333333333333,0.3229166666666667
1,0.0,0.0,-0.09941520467836257,0.29239766081871343,-0.19298245614035087,0.49122807017543857,-0.2222222222222222,0.631578947368421,-0.23976608187134502,0.7192982456140351,-0.5614035087719298,0.38011695906432746,-0.5789473684210527,0.6666666666666666,-0.5555555555555556,0.8596491228070176,-0.5380116959064327,1.0,-0.5321637426900585,0.2807017543859649,-0.5497076023391813,0.6023391812865497,-0.4152046783625731,0.6432748538011696,-0.34502923976608185,0.6023391812865497,-0.4327485380116959,0.21052631578947367,-0.3742690058479532,0.5380116959064327,-0.23976608187134502,0.5263157894736842,-0.21052631578947367,0.4444444444444444,-0.29239766081871343,0.18128654970760233,-0.2046783625730994,0.4502923976608187,-0.1111111111111111,0.47368421052631576,-0.08771929824561403,0.42105263157894735
1,0.0,0.0,-0.11464968152866242,0.2929936305732484,-0.22929936305732485,0.47770700636942676,-0.2802547770700637,0.5923566878980892,-0.3248407643312102,0.6751592356687898,-0.643312101910828,0.37579617834394907,-0.7452229299363057,0.6560509554140127,-0.802547770700637,0.8471337579617835,-0.8662420382165605,1.0,-0.5987261146496815,0.2356687898089172,-0.6242038216560509,0.5605095541401274,-0.4267515923566879,0.6114649681528662,-0.3375796178343949,0.5668789808917197,-0.4840764331210191,0.1464968152866242,-0.445859872611465,0.4713375796178344,-0.28662420382165604,0.5095541401273885,-0.2356687898089172,0.4267515923566879,-0.3248407643312102,0.10828025477707007,-0.2802547770700637,0.3821656050955414,-0.16560509554140126,0.43312101910828027,-0.1337579617834395,0.3821656050955414
1,0.0,0.0,-0.061855670103092786,0.20618556701030927,-0.09278350515463918,0.4020618556701031,-0.07216494845360824,0.5721649484536082,-0.08762886597938144,0.711340206185567,-0.4175257731958763,0.39690721649484534,-0.4484536082474227,0.6855670103092784,-0.4329896907216495,0.865979381443299,-0.4329896907216495,1.0,-0.3865979381443299,0.3247422680412371,-0.36082474226804123,0.6288659793814433,-0.2268041237113402,0.5979381443298969,-0.18556701030927836,0.520618556701031,-0.28865979381443296,0.26804123711340205,-0.17010309278350516,0.5360824742268041,-0.08247422680412371,0.4896907216494845,-0.0979381443298969,0.41237113402061853,-0.15979381443298968,0.2268041237113402,-0.03608247422680412,0.44329896907216493,0.030927835051546393,0.422680412371134,0.005154639175257732,0.36082474226804123
1,0.0,0.0,-0.08235294117647059,0.2529411764705882,-0.1588235294117647,0.4411764705882353,-0.20588235294117646,0.5882352941176471,-0.2529411764705882,0.7176470588235294,-0.5529411764705883,0.4176470588235294,-0.6647058823529411,0.6588235294117647,-0.6941176470588235,0.8529411764705882,-0.711764705882353,1.0,-0.5529411764705883,0.3058823529411765,-0.5176470588235295,0.6058823529411764,-0.36470588235294116,0.5882352941176471,-0.31176470588235294,0.5176470588235295,-0.4588235294117647,0.2235294117647059,-0.2823529411764706,0.5294117647058824,-0.17058823529411765,0.48823529411764705,-0.18823529411764706,0.4117647058823529,-0.31176470588235294,0.18235294117647058,-0.12352941176470589,0.4411764705882353,-0.03529411764705882,0.4235294117647059,-0.052941176470588235,0.37058823529411766
1,0.0,0.0,-0.05291005291005291,0.20105820105820105,-0.10582010582010581,0.4074074074074074,-0.09523809523809523,0.582010582010582,-0.09523809523809523,0.7354497354497355,-0.4074074074074074,0.4126984126984127,-0.42857142857142855,0.6825396825396826,-0.41798941798941797,0.8677248677248677,-0.42857142857142855,1.0,-0.3862433862433862,0.3544973544973545,-0.32275132275132273,0.6613756613756614,-0.19047619047619047,0.6402116402116402,-0.14285714285714285,0.5608465608465608,-0.291005291005291,0.30158730158730157,-0.12698412698412698,0.544973544973545,-0.047619047619047616,0.48148148148148145,-0.06349206349206349,0.4074074074074074,-0.164021164021164,0.26455026455026454,-0.026455026455026454,0.4497354497354497,0.031746031746031744,0.4021164021164021,0.015873015873015872,0.3386243386243386
1,0.0,0.0,-0.06572769953051644,0.22535211267605634,-0.10328638497652583,0.40375586854460094,-0.08450704225352113,0.5492957746478874,-0.07511737089201878,0.6854460093896714,-0.4131455399061033,0.43661971830985913,-0.39906103286384975,0.6901408450704225,-0.3615023474178404,0.863849765258216,-0.3333333333333333,1.0,-0.39436619718309857,0.3380281690140845,-0.27230046948356806,0.6103286384976526,-0.1596244131455399,0.5727699530516432,-0.15023474178403756,0.5117370892018779,-0.3145539906103286,0.2535211267605634,-0.14084507042253522,0.5023474178403756,-0.06103286384976526,0.45539906103286387,-0.08450704225352113,0.39436619718309857,-0.20187793427230047,0.18309859154929578,-0.051643192488262914,0.3755868544600939,0.0,0.3474178403755869,-0.03286384976525822,0.29107981220657275
1,0.0,0.0,-0.04838709677419355,0.25806451612903225,-0.15591397849462366,0.46236559139784944,-0.22580645161290322,0.6182795698924731,-0.2849462365591398,0.7795698924731183,-0.5645161290322581,0.3924731182795699,-0.6666666666666666,0.6720430107526881,-0.7204301075268817,0.8602150537634409,-0.7849462365591398,1.0,-0.5483870967741935,0.3010752688172043,-0.5698924731182796,0.6505376344086021,-0.3870967741935484,0.6720430107526881,-0.3172043010752688,0.6021505376344086,-0.44086021505376344,0.25268817204301075,-0.3387096774193548,0.5752688172043011,-0.20430107526881722,0.5483870967741935,-0.20430107526881722,0.46236559139784944,-0.2903225806451613,0.23118279569892472,-0.16129032258064516,0.46774193548387094,-0.08064516129032258,0.43548387096774194,-0.10752688172043011,0.34946236559139787
1,0.0,0.0,-0.034934497816593885,0.1965065502183406,-0.039301310043668124,0.40611353711790393,0.026200873362445413,0.5720524017467249,0.06986899563318777,0.7205240174672489,-0.2925764192139738,0.4585152838427948,-0.2794759825327511,0.7205240174672489,-0.24017467248908297,0.8820960698689956,-0.22707423580786026,1.0,-0.27510917030567683,0.3799126637554585,-0.20087336244541484,0.6768558951965066,-0.0611353711790393,0.6724890829694323,-0.004366812227074236,0.6026200873362445,-0.18777292576419213,0.31004366812227074,-0.021834061135371178,0.5502183406113537,0.0611353711790393,0.4978165938864629,0.039301310043668124,0.42358078602620086,-0.07423580786026202,0.24890829694323144,0.08733624454148471,0.4279475982532751,0.14410480349344978,0.3799126637554585,0.11353711790393013,0.31004366812227074
1,0.0,0.0,-0.12690355329949238,0.2182741116751269,-0.19289340101522842,0.4213197969543147,-0.14720812182741116,0.5939086294416244,-0.09644670050761421,0.751269035532995,-0.5025380710659898,0.4467005076142132,-0.583756345177665,0.6649746192893401,-0.6091370558375635,0.8527918781725888,-0.6446700507614214,1.0,-0.45685279187817257,0.30456852791878175,-0.4467005076142132,0.5989847715736041,-0.28426395939086296,0.6903553299492385,-0.17766497461928935,0.6903553299492385,-0.3299492385786802,0.20304568527918782,-0.19289340101522842,0.5076142131979695,-0.06091370558375635,0.5076142131979695,-0.04060913705583756,0.41624365482233505,-0.17258883248730963,0.13705583756345177,-0.025380710659898477,0.40609137055837563,0.06091370558375635,0.40609137055837563,0.04568527918781726,0.3248730964467005
1,0.0,0.0,-0.08374384236453201,0.2019704433497537,-0.1477832512315271,0.4433497536945813,-0.1477832512315271,0.6354679802955665,-0.15763546798029557,0.7931034482758621,-0.4630541871921182,0.4187192118226601,-0.5665024630541872,0.6847290640394089,-0.6009852216748769,0.8620689655172413,-0.645320197044335,1.0,-0.42857142857142855,0.3793103448275862,-0.4630541871921182,0.7192118226600985,-0.30049261083743845,0.7487684729064039,-0.2019704433497537,0.6945812807881774,-0.3103448275862069,0.35467980295566504,-0.21674876847290642,0.6600985221674877,-0.10344827586206896,0.6059113300492611,-0.09852216748768473,0.5123152709359606,-0.15270935960591134,0.3399014778325123,-0.019704433497536946,0.5615763546798029,0.059113300492610835,0.4975369458128079,0.04926108374384237,0.4039408866995074
1,0.0,0.0,-0.09166666666666666,0.18333333333333332,-0.09166666666666666,0.4166666666666667,0.016666666666666666,0.6,0.09583333333333334,0.7458333333333333,-0.30833333333333335,0.4375,-0.26666666666666666,0.7166666666666667,-0.21666666666666667,0.8791666666666667,-0.19166666666666668,1.0,-0.25833333333333336,0.3541666666666667,-0.1625,0.6791666666666667,-0.05,0.6833333333333333,-0.0125,0.6291666666666667,-0.15416666666666667,0.275,0.016666666666666666,0.55,0.075,0.5208333333333334,0.041666666666666664,0.4708333333333333,-0.029166666666666667,0.20833333333333334,0.12083333333333333,0.43333333333333335,0.15833333333333333,0.43333333333333335,0.12916666666666668,0.4041666666666667
1,0.0,0.0,-0.07653061224489796,0.3112244897959184,-0.11224489795918367,0.576530612244898,-0.03571428571428571,0.75,0.04081632653061224,0.8673469387755102,-0.45918367346938777,0.5153061224489796,-0.6173469387755102,0.7040816326530612,-0.6428571428571429,0.8673469387755102,-0.6275510204081632,1.0,-0.4489795918367347,0.35714285714285715,-0.35714285714285715,0.5816326530612245,-0.19387755102040816,0.6683673469387755,-0.09693877551020408,0.6989795918367347,-0.34183673469387754,0.21428571428571427,-0.16326530612244897,0.4489795918367347,-0.05102040816326531,0.5357142857142857,-0.00510204081632653,0.576530612244898,-0.1989795918367347,0.10714285714285714,-0.00510204081632653,0.32653061224489793,0.08163265306122448,0.4489795918367347,0.10714285714285714,0.5255102040816326
1,0.0,0.0,-0.15,0.155,-0.23,0.41,-0.185,0.64,-0.115,0.815,-0.49,0.405,-0.575,0.68,-0.615,0.86,-0.67,1.0,-0.415,0.355,-0.39,0.7,-0.265,0.685,-0.215,0.615,-0.275,0.315,-0.2,0.65,-0.105,0.61,-0.1,0.535,-0.115,0.295,-0.005,0.555,0.045,0.515,0.035,0.43
1,0.0,0.0,-0.13692946058091288,0.1950207468879668,-0.2033195020746888,0.43568464730290457,-0.1825726141078838,0.6431535269709544,-0.15767634854771784,0.8091286307053942,-0.3153526970954357,0.4315352697095436,-0.24481327800829875,0.6970954356846473,-0.1991701244813278,0.8630705394190872,-0.17012448132780084,1.0,-0.23236514522821577,0.34439834024896265,-0.05394190871369295,0.5933609958506224,0.03319502074688797,0.6887966804979253,0.07053941908713693,0.7468879668049793,-0.11618257261410789,0.25311203319502074,0.06639004149377593,0.5020746887966805,0.0912863070539419,0.5311203319502075,0.058091286307053944,0.5352697095435685,0.008298755186721992,0.1825726141078838,0.14522821576763487,0.3775933609958506,0.13692946058091288,0.3651452282157676,0.08298755186721991,0.31950207468879666
1,0.0,0.0,-0.11848341232227488,0.1848341232227488,-0.13744075829383887,0.4265402843601896,-0.018957345971563982,0.6398104265402843,0.08056872037914692,0.8009478672985783,-0.3696682464454976,0.41706161137440756,-0.3886255924170616,0.6872037914691943,-0.4028436018957346,0.8625592417061612,-0.4218009478672986,1.0,-0.2938388625592417,0.3412322274881517,-0.1895734597156398,0.6492890995260664,-0.07109004739336493,0.7061611374407583,-0.004739336492890996,0.7061611374407583,-0.15639810426540285,0.26540284360189575,-0.004739336492890996,0.5592417061611374,0.04265402843601896,0.5355450236966824,0.02843601895734597,0.46919431279620855,-0.004739336492890996,0.2037914691943128,0.10900473933649289,0.44549763033175355,0.12796208530805686,0.4312796208530806,0.0995260663507109,0.36018957345971564
1,0.0,0.0,-0.10480349344978165,0.14410480349344978,-0.11790393013100436,0.38427947598253276,-0.013100436681222707,0.5851528384279476,0.06550218340611354,0.74235807860262,-0.2925764192139738,0.4148471615720524,-0.29694323144104806,0.6986899563318777,-0.2838427947598253,0.8646288209606987,-0.2838427947598253,1.0,-0.2096069868995633,0.37117903930131,-0.12663755458515283,0.6986899563318777,-0.048034934497816595,0.6506550218340611,-0.026200873362445413,0.5676855895196506,-0.08733624454148471,0.314410480349345,0.043668122270742356,0.5895196506550219,0.06986899563318777,0.519650655021834,0.039301310043668124,0.44541484716157204,0.05240174672489083,0.2663755458515284,0.14847161572052403,0.4847161572052402,0.15283842794759825,0.42358078602620086,0.1222707423580786,0.34934497816593885
1,0.0,0.0,-0.06172839506172839,0.1646090534979424,-0.01646090534979424,0.3950617283950617,0.13168724279835392,0.5637860082304527,0.24691358024691357,0.6995884773662552,-0.18930041152263374,0.4444444444444444,-0.102880658436214,0.7160493827160493,-0.02880658436213992,0.8765432098765432,0.02880658436213992,1.0,-0.11934156378600823,0.35390946502057613,0.012345679012345678,0.6419753086419753,0.09465020576131687,0.6460905349794238,0.11522633744855967,0.6008230452674898,-0.00823045267489712,0.26337448559670784,0.1646090534979424,0.5308641975308642,0.22633744855967078,0.6090534979423868,0.2222222222222222,0.654320987654321,0.11522633744855967,0.18106995884773663,0.2551440329218107,0.38271604938271603,0.25925925925925924,0.37448559670781895,0.2139917695473251,0.34156378600823045
1,0.0,0.0,-0.10619469026548672,0.1592920353982301,-0.13274336283185842,0.38495575221238937,-0.048672566371681415,0.588495575221239,0.022123893805309734,0.7566371681415929,-0.3584070796460177,0.40707964601769914,-0.40707964601769914,0.6946902654867256,-0.4247787610619469,0.8672566371681416,-0.4557522123893805,1.0,-0.2920353982300885,0.35398230088495575,-0.2079646017699115,0.6858407079646017,-0.11061946902654868,0.668141592920354,-0.09292035398230089,0.5973451327433629,-0.168141592920354,0.3008849557522124,-0.03982300884955752,0.6017699115044248,0.01327433628318584,0.588495575221239,-0.01327433628318584,0.5442477876106194,-0.02654867256637168,0.2610619469026549,0.08849557522123894,0.47345132743362833,0.11061946902654868,0.4247787610619469,0.07079646017699115,0.35398230088495575
1,0.0,0.0,-0.09663865546218488,0.15546218487394958,-0.1134453781512605,0.3865546218487395,-0.012605042016806723,0.5882352941176471,0.06302521008403361,0.726890756302521,-0.3067226890756303,0.42436974789915966,-0.29831932773109243,0.6974789915966386,-0.27310924369747897,0.865546218487395,-0.2605042016806723,1.0,-0.25630252100840334,0.3697478991596639,-0.15966386554621848,0.6764705882352942,-0.058823529411764705,0.634453781512605,-0.037815126050420166,0.5630252100840336,-0.14285714285714285,0.31092436974789917,0.03361344537815126,0.5630252100840336,0.07142857142857142,0.4831932773109244,0.01680672268907563,0.42016806722689076,-0.004201680672268907,0.2647058823529412,0.14705882352941177,0.453781512605042,0.15966386554621848,0.3865546218487395,0.10504201680672269,0.3235294117647059
1,0.0,0.0,-0.11020408163265306,0.19591836734693877,-0.15918367346938775,0.40408163265306124,-0.10204081632653061,0.5959183673469388,-0.044897959183673466,0.7510204081632653,-0.42448979591836733,0.4,-0.44081632653061226,0.6857142857142857,-0.44081632653061226,0.8571428571428571,-0.4530612244897959,1.0,-0.37551020408163266,0.3224489795918367,-0.31020408163265306,0.6448979591836734,-0.2,0.6040816326530613,-0.17959183673469387,0.5265306122448979,-0.2612244897959184,0.2612244897959184,-0.1469387755102041,0.5428571428571428,-0.08163265306122448,0.4897959183673469,-0.11428571428571428,0.4163265306122449,-0.1306122448979592,0.21224489795918366,-0.024489795918367346,0.43673469387755104,0.00816326530612245,0.4,-0.02857142857142857,0.3306122448979592
1,0.0,0.0,-0.04145077720207254,0.2694300518134715,-0.15025906735751296,0.48704663212435234,-0.18652849740932642,0.6735751295336787,-0.21243523316062177,0.8549222797927462,-0.5284974093264249,0.42487046632124353,-0.6528497409326425,0.694300518134715,-0.7150259067357513,0.8652849740932642,-0.7823834196891192,1.0,-0.5077720207253886,0.3471502590673575,-0.5284974093264249,0.7046632124352331,-0.35751295336787564,0.7253886010362695,-0.2694300518134715,0.6632124352331606,-0.40414507772020725,0.2849740932642487,-0.31088082901554404,0.616580310880829,-0.17098445595854922,0.6217616580310881,-0.14507772020725387,0.5647668393782384,-0.24352331606217617,0.26424870466321243,-0.10362694300518134,0.49740932642487046,-0.025906735751295335,0.47668393782383417,-0.04145077720207254,0.39896373056994816
1,0.0,0.0,-0.10222222222222223,0.23555555555555555,-0.16444444444444445,0.44,-0.13333333333333333,0.6088888888888889,-0.08888888888888889,0.7555555555555555,-0.4177777777777778,0.4311111111111111,-0.41333333333333333,0.7022222222222222,-0.3422222222222222,0.8755555555555555,-0.29777777777777775,1.0,-0.4,0.32,-0.36,0.6266666666666667,-0.24444444444444444,0.6088888888888889,-0.2222222222222222,0.5422222222222223,-0.29777777777777775,0.24,-0.17333333333333334,0.5377777777777778,-0.08,0.5022222222222222,-0.1111111111111111,0.4266666666666667,-0.16444444444444445,0.18666666666666668,-0.017777777777777778,0.4311111111111111,0.044444444444444446,0.4266666666666667,0.017777777777777778,0.37333333333333335
1,0.0,0.0,-0.12138728323699421,0.2774566473988439,-0.27167630057803466,0.4797687861271676,-0.36416184971098264,0.6358381502890174,-0.43352601156069365,0.8092485549132948,-0.6589595375722543,0.4277456647398844,-0.838150289017341,0.6705202312138728,-0.9132947976878613,0.8554913294797688,-1.0,1.0,-0.6473988439306358,0.27167630057803466,-0.7167630057803468,0.6069364161849711,-0.5086705202312138,0.6473988439306358,-0.42196531791907516,0.5838150289017341,-0.5375722543352601,0.1791907514450867,-0.4913294797687861,0.5260115606936416,-0.3179190751445087,0.5606936416184971,-0.28901734104046245,0.4797687861271676,-0.37572254335260113,0.14450867052023122,-0.24855491329479767,0.43352601156069365,-0.14450867052023122,0.4624277456647399,-0.13872832369942195,0.3815028901734104
1,0.0,0.0,-0.06153846153846154,0.2564102564102564,-0.15384615384615385,0.4358974358974359,-0.2,0.5641025641025641,-0.24102564102564103,0.7025641025641025,-0.49230769230769234,0.4307692307692308,-0.5538461538461539,0.6820512820512821,-0.5692307692307692,0.8564102564102564,-0.5794871794871795,1.0,-0.5076923076923077,0.3435897435897436,-0.4717948717948718,0.5948717948717949,-0.38974358974358975,0.5692307692307692,-0.3641025641025641,0.5128205128205128,-0.4256410256410256,0.2717948717948718,-0.2564102564102564,0.5282051282051282,-0.13846153846153847,0.46153846153846156,-0.1282051282051282,0.38461538461538464,-0.28717948717948716,0.2358974358974359,-0.09743589743589744,0.4153846153846154,-0.005128205128205128,0.36923076923076925,-0.005128205128205128,0.3076923076923077
1,0.0,0.0,-0.10106382978723404,0.2872340425531915,-0.2074468085106383,0.4574468085106383,-0.2712765957446808,0.5638297872340425,-0.31382978723404253,0.6702127659574468,-0.574468085106383,0.40425531914893614,-0.6170212765957447,0.648936170212766,-0.574468085106383,0.8404255319148937,-0.5372340425531915,1.0,-0.5957446808510638,0.2553191489361702,-0.5851063829787234,0.5212765957446809,-0.40425531914893614,0.5,-0.34574468085106386,0.42021276595744683,-0.5212765957446809,0.13297872340425532,-0.40425531914893614,0.4095744680851064,-0.2393617021276596,0.40425531914893614,-0.22872340425531915,0.3351063829787234,-0.39361702127659576,0.047872340425531915,-0.2393617021276596,0.2765957446808511,-0.1276595744680851,0.30319148936170215,-0.1276595744680851,0.2712765957446808
1,0.0,0.0,-0.10869565217391304,0.2717391304347826,-0.266304347826087,0.45652173913043476,-0.3695652173913043,0.5815217391304348,-0.45108695652173914,0.7554347826086957,-0.6521739130434783,0.42391304347826086,-0.8260869565217391,0.6413043478260869,-0.8967391304347826,0.8206521739130435,-1.0,0.9510869565217391,-0.6467391304347826,0.25,-0.7065217391304348,0.5760869565217391,-0.4945652173913043,0.5706521739130435,-0.44565217391304346,0.47282608695652173,-0.5489130434782609,0.14130434782608695,-0.5,0.4891304347826087,-0.30978260869565216,0.483695652173913,-0.29891304347826086,0.375,-0.41304347826086957,0.09239130434782608,-0.29347826086956524,0.375,-0.16847826086956522,0.3858695652173913,-0.1793478260869565,0.29347826086956524
1,0.0,0.0,-0.07086614173228346,0.19291338582677164,-0.08661417322834646,0.4015748031496063,-0.03543307086614173,0.5748031496062992,0.015748031496062992,0.7244094488188977,-0.35039370078740156,0.42913385826771655,-0.35039370078740156,0.7007874015748031,-0.32677165354330706,0.8700787401574803,-0.32677165354330706,1.0,-0.3188976377952756,0.3543307086614173,-0.2559055118110236,0.65748031496063,-0.12992125984251968,0.6220472440944882,-0.10236220472440945,0.5393700787401575,-0.2204724409448819,0.2874015748031496,-0.09055118110236221,0.5511811023622047,0.0,0.49606299212598426,-0.003937007874015748,0.421259842519685,-0.09448818897637795,0.24015748031496062,0.04330708661417323,0.42913385826771655,0.11023622047244094,0.3937007874015748,0.0984251968503937,0.33070866141732286
1,0.0,0.0,-0.12935323383084577,0.21393034825870647,-0.23880597014925373,0.4228855721393035,-0.2537313432835821,0.6019900497512438,-0.22885572139303484,0.7562189054726368,-0.6517412935323383,0.4079601990049751,-0.7860696517412935,0.6616915422885572,-0.8208955223880597,0.8606965174129353,-0.8557213930348259,1.0,-0.6169154228855721,0.2835820895522388,-0.6417910447761194,0.6069651741293532,-0.42786069651741293,0.6616915422885572,-0.35323383084577115,0.6019900497512438,-0.4925373134328358,0.19402985074626866,-0.417910447761194,0.5124378109452736,-0.24875621890547264,0.5373134328358209,-0.23383084577114427,0.46766169154228854,-0.32338308457711445,0.13432835820895522,-0.19402985074626866,0.39800995024875624,-0.09950248756218906,0.417910447761194,-0.10945273631840796,0.34328358208955223
1,0.0,0.0,-0.03940886699507389,0.24630541871921183,-0.11822660098522167,0.4482758620689655,-0.1477832512315271,0.625615763546798,-0.1625615763546798,0.812807881773399,-0.5270935960591133,0.41379310344827586,-0.6305418719211823,0.6896551724137931,-0.6896551724137931,0.8719211822660099,-0.7586206896551724,1.0,-0.5172413793103449,0.33004926108374383,-0.49261083743842365,0.7044334975369458,-0.3251231527093596,0.6945812807881774,-0.28078817733990147,0.5960591133004927,-0.4187192118226601,0.27586206896551724,-0.32019704433497537,0.625615763546798,-0.18226600985221675,0.5862068965517241,-0.17733990147783252,0.4876847290640394,-0.28078817733990147,0.24630541871921183,-0.15763546798029557,0.4975369458128079,-0.07389162561576355,0.4729064039408867,-0.08374384236453201,0.3891625615763547
1,0.0,0.0,-0.09195402298850575,0.22988505747126436,-0.11877394636015326,0.41379310344827586,-0.07279693486590039,0.578544061302682,-0.02681992337164751,0.6973180076628352,-0.3793103448275862,0.4559386973180077,-0.3524904214559387,0.6973180076628352,-0.3065134099616858,0.8659003831417624,-0.2796934865900383,1.0,-0.36015325670498083,0.3563218390804598,-0.2681992337164751,0.6360153256704981,-0.16091954022988506,0.6015325670498084,-0.13793103448275862,0.524904214559387,-0.27586206896551724,0.2681992337164751,-0.15708812260536398,0.5402298850574713,-0.06513409961685823,0.524904214559387,-0.06513409961685823,0.4559386973180077,-0.16475095785440613,0.20306513409961685,-0.01532567049808429,0.42911877394636017,0.05747126436781609,0.4367816091954023,0.05363984674329502,0.3831417624521073
1,0.0,0.0,-0.12698412698412698,0.23809523809523808,-0.25396825396825395,0.4444444444444444,-0.2962962962962963,0.6243386243386243,-0.328042328042328,0.798941798941799,-0.6402116402116402,0.35978835978835977,-0.8201058201058201,0.6190476190476191,-0.9047619047619048,0.8201058201058201,-1.0,0.9682539682539683,-0.5873015873015873,0.25396825396825395,-0.6878306878306878,0.5925925925925926,-0.48148148148148145,0.6455026455026455,-0.37566137566137564,0.5925925925925926,-0.4444444444444444,0.19576719576719576,-0.3915343915343915,0.5291005291005291,-0.2275132275132275,0.544973544973545,-0.18518518518518517,0.4708994708994709,-0.26455026455026454,0.17989417989417988,-0.15343915343915343,0.4603174603174603,-0.037037037037037035,0.47619047619047616,-0.021164021164021163,0.4021164021164021
1,0.0,0.0,-0.11587982832618025,0.15450643776824036,-0.1630901287553648,0.38197424892703863,-0.0944206008583691,0.592274678111588,-0.04291845493562232,0.7639484978540773,-0.3948497854077253,0.41201716738197425,-0.43776824034334766,0.6995708154506438,-0.44635193133047213,0.8669527896995708,-0.463519313304721,1.0,-0.33047210300429186,0.3605150214592275,-0.27467811158798283,0.6995708154506438,-0.1630901287553648,0.6781115879828327,-0.12875536480686695,0.6051502145922747,-0.20600858369098712,0.3133047210300429,-0.0815450643776824,0.6137339055793991,-0.02145922746781116,0.5450643776824035,-0.04291845493562232,0.4592274678111588,-0.060085836909871244,0.27467811158798283,0.055793991416309016,0.4978540772532189,0.08583690987124463,0.4291845493562232,0.05150214592274678,0.34334763948497854
1,0.0,0.0,-0.10756972111553785,0.19123505976095617,-0.12350597609561753,0.398406374501992,-0.01593625498007968,0.5697211155378487,0.07171314741035857,0.6892430278884463,-0.3187250996015936,0.4342629482071713,-0.27091633466135456,0.7131474103585658,-0.21115537848605578,0.8804780876494024,-0.16334661354581673,1.0,-0.2549800796812749,0.3346613545816733,-0.09163346613545817,0.6095617529880478,-0.0199203187250996,0.6055776892430279,-0.01593625498007968,0.5697211155378487,-0.1394422310756972,0.24701195219123506,0.055776892430278883,0.5059760956175299,0.06772908366533864,0.450199203187251,0.00398406374501992,0.38247011952191234,-0.01593625498007968,0.1752988047808765,0.12749003984063745,0.3904382470119522,0.12749003984063745,0.350597609561753,0.06772908366533864,0.28286852589641437
1,0.0,0.0,-0.18085106382978725,0.22340425531914893,-0.30319148936170215,0.46808510638297873,-0.31382978723404253,0.6861702127659575,-0.32978723404255317,0.8670212765957447,-0.5904255319148937,0.3670212765957447,-0.7127659574468085,0.648936170212766,-0.7606382978723404,0.8404255319148937,-0.8085106382978723,1.0,-0.5053191489361702,0.2978723404255319,-0.5372340425531915,0.6968085106382979,-0.425531914893617,0.8723404255319149,-0.34574468085106386,0.9521276595744681,-0.35106382978723405,0.2553191489361702,-0.2712765957446808,0.6382978723404256,-0.2074468085106383,0.7021276595744681,-0.2127659574468085,0.6914893617021277,-0.1702127659574468,0.24468085106382978,-0.07446808510638298,0.5319148936170213,-0.03723404255319149,0.5319148936170213,-0.05851063829787234,0.46808510638297873
1,0.0,0.0,-0.16580310880829016,0.18134715025906736,-0.23834196891191708,0.41968911917098445,-0.20725388601036268,0.6373056994818653,-0.15025906735751296,0.7927461139896373,-0.43005181347150256,0.46632124352331605,-0.47668393782383417,0.7202072538860104,-0.41968911917098445,0.8963730569948186,-0.3626943005181347,1.0,-0.35233160621761656,0.40414507772020725,-0.31088082901554404,0.7461139896373057,-0.18134715025906736,0.8393782383419689,-0.09326424870466321,0.844559585492228,-0.21243523316062177,0.34196891191709844,-0.05699481865284974,0.6424870466321243,0.0,0.6113989637305699,-0.010362694300518135,0.533678756476684,-0.046632124352331605,0.29533678756476683,0.08808290155440414,0.538860103626943,0.10880829015544041,0.5181347150259067,0.07772020725388601,0.45077720207253885
1,0.0,0.0,-0.19662921348314608,0.30337078651685395,-0.33146067415730335,0.5955056179775281,-0.34831460674157305,0.8258426966292135,-0.34269662921348315,1.0,-0.6573033707865169,0.5,-0.6797752808988764,0.7134831460674157,-0.550561797752809,0.8202247191011236,-0.4550561797752809,0.8651685393258427,-0.5561797752808989,0.3707865168539326,-0.4438202247191011,0.6853932584269663,-0.30337078651685395,0.7921348314606742,-0.2303370786516854,0.8258426966292135,-0.37640449438202245,0.25842696629213485,-0.20224719101123595,0.601123595505618,-0.12359550561797752,0.6629213483146067,-0.12921348314606743,0.6741573033707865,-0.1797752808988764,0.17415730337078653,-0.03932584269662921,0.449438202247191,-0.011235955056179775,0.4887640449438202,-0.05056179775280899,0.47191011235955055
1,0.0,0.0,-0.11788617886178862,0.14227642276422764,-0.14227642276422764,0.36585365853658536,-0.052845528455284556,0.5528455284552846,0.012195121951219513,0.6951219512195121,-0.3170731707317073,0.4105691056910569,-0.34146341463414637,0.6869918699186992,-0.32926829268292684,0.8577235772357723,-0.3333333333333333,1.0,-0.24390243902439024,0.35772357723577236,-0.16260162601626016,0.6707317073170732,-0.08536585365853659,0.6178861788617886,-0.08130081300813008,0.5365853658536586,-0.11788617886178862,0.3008130081300813,0.016260162601626018,0.5772357723577236,0.04878048780487805,0.5121951219512195,0.012195121951219513,0.43089430894308944,0.016260162601626018,0.2601626016260163,0.12195121951219512,0.4715447154471545,0.13414634146341464,0.4146341463414634,0.09349593495934959,0.33739837398373984
1,0.0,0.0,-0.10384615384615385,0.16538461538461538,-0.08461538461538462,0.40384615384615385,0.038461538461538464,0.573076923076923,0.13846153846153847,0.6884615384615385,-0.20384615384615384,0.45,-0.15384615384615385,0.7230769230769231,-0.13846153846153847,0.8730769230769231,-0.1423076923076923,1.0,-0.11153846153846154,0.4,0.04230769230769231,0.7153846153846154,0.08846153846153847,0.6423076923076924,0.06153846153846154,0.55,0.007692307692307693,0.3346153846153846,0.16923076923076924,0.5884615384615385,0.17692307692307693,0.5153846153846153,0.13076923076923078,0.43846153846153846,0.12692307692307692,0.26153846153846155,0.24615384615384617,0.4576923076923077,0.23076923076923078,0.4,0.18846153846153846,0.33076923076923076
1,0.0,0.0,-0.09019607843137255,0.16862745098039217,-0.058823529411764705,0.396078431372549,0.08235294117647059,0.5686274509803921,0.1843137254901961,0.7058823529411765,-0.2196078431372549,0.4470588235294118,-0.1568627450980392,0.7137254901960784,-0.12549019607843137,0.8705882352941177,-0.10980392156862745,1.0,-0.11764705882352941,0.3843137254901961,0.0196078431372549,0.7098039215686275,0.058823529411764705,0.6549019607843137,0.043137254901960784,0.5686274509803921,0.00392156862745098,0.3137254901960784,0.16470588235294117,0.596078431372549,0.16470588235294117,0.5215686274509804,0.11764705882352941,0.4470588235294118,0.13333333333333333,0.24705882352941178,0.25098039215686274,0.4549019607843137,0.23137254901960785,0.4,0.17647058823529413,0.3333333333333333
1,0.0,0.0,-0.11788617886178862,0.15447154471544716,-0.13414634146341464,0.3861788617886179,-0.044715447154471545,0.5772357723577236,0.028455284552845527,0.7195121951219512,-0.2967479674796748,0.42276422764227645,-0.3333333333333333,0.6991869918699187,-0.35365853658536583,0.8658536585365854,-0.3821138211382114,1.0,-0.21138211382113822,0.3821138211382114,-0.13414634146341464,0.7154471544715447,-0.06097560975609756,0.6666666666666666,-0.052845528455284556,0.5772357723577236,-0.08536585365853659,0.33739837398373984,0.036585365853658534,0.6178861788617886,0.06504065040650407,0.5528455284552846,0.04065040650406504,0.4715447154471545,0.052845528455284556,0.2926829268292683,0.14634146341463414,0.5,0.15040650406504066,0.44308943089430897,0.11788617886178862,0.3699186991869919
1,0.0,0.0,-0.09274193548387097,0.1693548387096774,-0.125,0.39919354838709675,-0.06451612903225806,0.5806451612903226,0.008064516129032258,0.7056451612903226,-0.23387096774193547,0.4475806451612903,-0.16532258064516128,0.717741935483871,-0.08064516129032258,0.8790322580645161,-0.012096774193548387,1.0,-0.14516129032258066,0.3709677419354839,0.024193548387096774,0.6774193548387096,0.07661290322580645,0.6290322580645161,0.056451612903225805,0.5403225806451613,-0.020161290322580645,0.28225806451612906,0.1774193548387097,0.5483870967741935,0.1814516129032258,0.4798387096774194,0.12096774193548387,0.39919354838709675,0.11290322580645161,0.2056451612903226,0.2540322580645161,0.4153225806451613,0.24596774193548387,0.36693548387096775,0.18548387096774194,0.3024193548387097
1,0.0,0.0,-0.13963963963963963,0.16216216216216217,-0.21621621621621623,0.3783783783783784,-0.18468468468468469,0.5675675675675675,-0.13963963963963963,0.7117117117117117,-0.4144144144144144,0.40540540540540543,-0.47297297297297297,0.6756756756756757,-0.49099099099099097,0.8558558558558559,-0.5225225225225225,1.0,-0.35135135135135137,0.31981981981981983,-0.2882882882882883,0.6486486486486487,-0.15765765765765766,0.6801801801801802,-0.0990990990990991,0.6441441441441441,-0.22522522522522523,0.24324324324324326,-0.06756756756756757,0.5315315315315315,0.0,0.5180180180180181,-0.036036036036036036,0.45045045045045046,-0.08108108108108109,0.18468468468468469,0.05855855855855856,0.43243243243243246,0.09009009009009009,0.4099099099099099,0.04504504504504504,0.33783783783783783
1,0.0,0.0,-0.09174311926605505,0.1834862385321101,-0.12844036697247707,0.41743119266055045,-0.05504587155963303,0.6009174311926605,0.03211009174311927,0.7293577981651376,-0.38990825688073394,0.44036697247706424,-0.4036697247706422,0.6880733944954128,-0.38073394495412843,0.8577981651376146,-0.37155963302752293,1.0,-0.3577981651376147,0.3577981651376147,-0.2706422018348624,0.6330275229357798,-0.14678899082568808,0.6238532110091743,-0.10550458715596331,0.5825688073394495,-0.24311926605504589,0.28440366972477066,-0.06880733944954129,0.573394495412844,0.027522935779816515,0.5504587155963303,0.027522935779816515,0.5091743119266054,-0.09174311926605505,0.22018348623853212,0.0963302752293578,0.44954128440366975,0.16972477064220184,0.47706422018348627,0.1743119266055046,0.481651376146789
1,0.0,0.0,-0.12554112554112554,0.23376623376623376,-0.17316017316017315,0.45454545454545453,-0.09090909090909091,0.6147186147186147,0.017316017316017316,0.6406926406926406,-0.3939393939393939,0.43722943722943725,-0.3246753246753247,0.7056277056277056,-0.23809523809523808,0.8744588744588745,-0.1774891774891775,1.0,-0.33766233766233766,0.3116883116883117,-0.20346320346320346,0.5930735930735931,-0.09090909090909091,0.5974025974025974,-0.05627705627705628,0.5497835497835498,-0.22510822510822512,0.21645021645021645,-0.03896103896103896,0.48917748917748916,0.0,0.45021645021645024,-0.05627705627705628,0.37662337662337664,-0.09523809523809523,0.14285714285714285,0.04329004329004329,0.38095238095238093,0.06493506493506493,0.36363636363636365,0.012987012987012988,0.30735930735930733
1,0.0,0.0,-0.09473684210526316,0.19473684210526315,-0.18421052631578946,0.38421052631578945,-0.21052631578947367,0.5421052631578948,-0.23684210526315788,0.6894736842105263,-0.531578947368421,0.39473684210526316,-0.631578947368421,0.6684210526315789,-0.6736842105263158,0.8578947368421053,-0.7263157894736842,1.0,-0.5052631578947369,0.2789473684210526,-0.48947368421052634,0.6052631578947368,-0.3263157894736842,0.5947368421052631,-0.28421052631578947,0.5157894736842106,-0.3894736842105263,0.20526315789473684,-0.2631578947368421,0.5210526315789473,-0.14736842105263157,0.49473684210526314,-0.1736842105263158,0.41578947368421054,-0.23684210526315788,0.1631578947368421,-0.09473684210526316,0.41578947368421054,-0.021052631578947368,0.38421052631578945,-0.05789473684210526,0.30526315789473685
1,0.0,0.0,-0.044444444444444446,0.18666666666666668,-0.06666666666666667,0.37777777777777777,-0.03111111111111111,0.5333333333333333,-0.008888888888888889,0.6711111111111111,-0.3244444444444444,0.43555555555555553,-0.3288888888888889,0.6933333333333334,-0.3022222222222222,0.8666666666666667,-0.29333333333333333,1.0,-0.3111111111111111,0.3511111111111111,-0.27555555555555555,0.6177777777777778,-0.13777777777777778,0.6088888888888889,-0.08,0.56,-0.2222222222222222,0.27111111111111114,-0.06666666666666667,0.5111111111111111,0.03111111111111111,0.48,0.017777777777777778,0.4222222222222222,-0.09333333333333334,0.2088888888888889,0.06222222222222222,0.4,0.11555555555555555,0.36444444444444446,0.08444444444444445,0.3022222222222222
1,0.0,0.0,-0.14925373134328357,0.1791044776119403,-0.208955223880597,0.373134328358209,-0.1691542288557214,0.5323383084577115,-0.12437810945273632,0.6567164179104478,-0.4975124378109453,0.417910447761194,-0.6119402985074627,0.6567164179104478,-0.6318407960199005,0.845771144278607,-0.6517412935323383,1.0,-0.4577114427860697,0.2885572139303483,-0.39303482587064675,0.6019900497512438,-0.24875621890547264,0.5920398009950248,-0.22388059701492538,0.5174129353233831,-0.32338308457711445,0.19900497512437812,-0.16417910447761194,0.5024875621890548,-0.06965174129353234,0.48756218905472637,-0.10945273631840796,0.4079601990049751,-0.1691542288557214,0.13432835820895522,-0.01990049751243781,0.3880597014925373,0.03980099502487562,0.39800995024875624,0.009950248756218905,0.3482587064676617
1,0.0,0.0,-0.08080808080808081,0.1919191919191919,-0.15151515151515152,0.398989898989899,-0.12121212121212122,0.5707070707070707,-0.10101010101010101,0.7272727272727273,-0.46464646464646464,0.4292929292929293,-0.5303030303030303,0.6818181818181818,-0.5606060606060606,0.8585858585858586,-0.601010101010101,1.0,-0.42424242424242425,0.3434343434343434,-0.40404040404040403,0.6464646464646465,-0.2676767676767677,0.6515151515151515,-0.20707070707070707,0.601010101010101,-0.30303030303030304,0.2727272727272727,-0.1919191919191919,0.5505050505050505,-0.10101010101010101,0.5656565656565656,-0.10101010101010101,0.5454545454545454,-0.1414141414141414,0.22727272727272727,0.005050505050505051,0.41414141414141414,0.05555555555555555,0.3838383838383838,0.025252525252525252,0.3282828282828283
1,0.0,0.0,-0.0881057268722467,0.21585903083700442,-0.1145374449339207,0.4008810572687225,-0.05726872246696035,0.5506607929515418,0.004405286343612335,0.6431718061674009,-0.3788546255506608,0.43612334801762115,-0.33480176211453744,0.6960352422907489,-0.2687224669603524,0.8678414096916299,-0.22026431718061673,1.0,-0.3436123348017621,0.3303964757709251,-0.21145374449339208,0.5814977973568282,-0.12334801762114538,0.5726872246696035,-0.11894273127753303,0.5286343612334802,-0.2290748898678414,0.23348017621145375,-0.05726872246696035,0.4713656387665198,-0.00881057268722467,0.4801762114537445,-0.06167400881057269,0.4713656387665198,-0.09251101321585903,0.15859030837004406,0.06167400881057269,0.3392070484581498,0.0881057268722467,0.33480176211453744,0.048458149779735685,0.30837004405286345
1,0.0,0.0,-0.11210762331838565,0.15246636771300448,-0.16143497757847533,0.3542600896860987,-0.12556053811659193,0.5381165919282511,-0.09417040358744394,0.695067264573991,-0.4304932735426009,0.37668161434977576,-0.515695067264574,0.6636771300448431,-0.5515695067264574,0.852017937219731,-0.600896860986547,1.0,-0.3721973094170404,0.3004484304932735,-0.37668161434977576,0.6188340807174888,-0.242152466367713,0.6412556053811659,-0.18385650224215247,0.5919282511210763,-0.23318385650224216,0.242152466367713,-0.13452914798206278,0.5291479820627802,-0.05829596412556054,0.5560538116591929,-0.07174887892376682,0.5336322869955157,-0.07623318385650224,0.2062780269058296,0.04932735426008968,0.4080717488789238,0.09865470852017937,0.4080717488789238,0.08071748878923767,0.3721973094170404
1,0.0,0.0,-0.10344827586206896,0.13026819923371646,-0.1417624521072797,0.3371647509578544,-0.06130268199233716,0.5287356321839081,-0.007662835249042145,0.6704980842911877,-0.3448275862068966,0.39080459770114945,-0.3486590038314176,0.6743295019157088,-0.31417624521072796,0.8582375478927203,-0.2988505747126437,1.0,-0.27586206896551724,0.3333333333333333,-0.24521072796934865,0.6360153256704981,-0.15708812260536398,0.632183908045977,-0.13026819923371646,0.5823754789272031,-0.14559386973180077,0.27586206896551724,-0.04597701149425287,0.5517241379310345,0.01532567049808429,0.5632183908045977,0.007662835249042145,0.5517241379310345,0.0038314176245210726,0.2260536398467433,0.12643678160919541,0.41379310344827586,0.16091954022988506,0.3793103448275862,0.14559386973180077,0.3333333333333333
1,0.0,0.0,-0.12828947368421054,0.14473684210526316,-0.14802631578947367,0.3519736842105263,-0.04276315789473684,0.5328947368421053,0.046052631578947366,0.6710526315789473,-0.34868421052631576,0.3782894736842105,-0.3256578947368421,0.6710526315789473,-0.27960526315789475,0.8585526315789473,-0.25,1.0,-0.24671052631578946,0.29276315789473684,-0.17434210526315788,0.5855263157894737,-0.07236842105263158,0.5986842105263158,-0.03618421052631579,0.5493421052631579,-0.09539473684210527,0.2236842105263158,0.04276315789473684,0.5131578947368421,0.08881578947368421,0.5,0.06907894736842106,0.4375,0.0625,0.17105263157894737,0.17763157894736842,0.42105263157894735,0.19736842105263158,0.4276315789473684,0.16776315789473684,0.3815789473684211
1,0.0,0.0,-0.1564625850340136,0.12585034013605442,-0.23469387755102042,0.3299319727891156,-0.19727891156462585,0.5238095238095238,-0.12585034013605442,0.6598639455782312,-0.43537414965986393,0.336734693877551,-0.5408163265306123,0.6530612244897959,-0.5918367346938775,0.8435374149659864,-0.6360544217687075,1.0,-0.336734693877551,0.272108843537415,-0.3469387755102041,0.608843537414966,-0.24489795918367346,0.6292517006802721,-0.19387755102040816,0.5782312925170068,-0.17687074829931973,0.23129251700680273,-0.13945578231292516,0.5544217687074829,-0.09183673469387756,0.6394557823129252,-0.09183673469387756,0.6530612244897959,-0.006802721088435374,0.22108843537414966,0.061224489795918366,0.5,0.10884353741496598,0.5544217687074829,0.12585034013605442,0.5544217687074829
1,0.0,0.0,-0.14153846153846153,0.15076923076923077,-0.18153846153846154,0.37846153846153846,-0.07076923076923076,0.5692307692307692,0.03076923076923077,0.6861538461538461,-0.3507692307692308,0.35384615384615387,-0.3446153846153846,0.6553846153846153,-0.3169230769230769,0.8523076923076923,-0.28307692307692306,1.0,-0.22153846153846155,0.2953846153846154,-0.15692307692307692,0.6523076923076923,-0.09538461538461539,0.6092307692307692,-0.08615384615384615,0.5138461538461538,-0.05846153846153846,0.2523076923076923,0.04,0.5846153846153846,0.055384615384615386,0.5292307692307693,0.021538461538461538,0.4369230769230769,0.10461538461538461,0.2246153846153846,0.16307692307692306,0.49538461538461537,0.15692307692307692,0.4523076923076923,0.12307692307692308,0.36615384615384616
1,0.0,0.0,-0.23790322580645162,0.2862903225806452,-0.2903225806451613,0.5725806451612904,-0.1814516129032258,0.8145161290322581,-0.06048387096774194,0.9959677419354839,-0.40725806451612906,0.2903225806451613,-0.3548387096774194,0.6008064516129032,-0.32661290322580644,0.8346774193548387,-0.29838709677419356,1.0,-0.2217741935483871,0.12903225806451613,-0.04032258064516129,0.532258064516129,-0.004032258064516129,0.6008064516129032,-0.024193548387096774,0.5604838709677419,0.0,0.03225806451612903,0.21370967741935484,0.4798387096774194,0.1774193548387097,0.5161290322580645,0.0846774193548387,0.4314516129032258,0.20967741935483872,-0.008064516129032258,0.3709677419354839,0.36693548387096775,0.29838709677419356,0.4112903225806452,0.1814516129032258,0.3387096774193548
1,0.0,0.0,-0.12203389830508475,0.15593220338983052,-0.16271186440677965,0.376271186440678,-0.07457627118644068,0.5728813559322034,0.006779661016949152,0.7322033898305085,-0.38305084745762713,0.3728813559322034,-0.46779661016949153,0.6610169491525424,-0.511864406779661,0.8508474576271187,-0.5661016949152542,1.0,-0.28135593220338984,0.288135593220339,-0.24067796610169492,0.6440677966101694,-0.12542372881355932,0.6237288135593221,-0.09830508474576272,0.5322033898305085,-0.12542372881355932,0.2305084745762712,-0.030508474576271188,0.576271186440678,0.02711864406779661,0.5457627118644067,0.0,0.45084745762711864,0.03728813559322034,0.2033898305084746,0.11864406779661017,0.488135593220339,0.14576271186440679,0.4576271186440678,0.10847457627118644,0.3694915254237288
1,0.0,0.0,-0.09446254071661238,0.18892508143322476,-0.08794788273615635,0.3941368078175896,0.03908794788273615,0.5472312703583062,0.15309446254071662,0.6482084690553745,-0.1986970684039088,0.4006514657980456,-0.0781758957654723,0.6938110749185668,0.013029315960912053,0.8729641693811075,0.08143322475570032,1.0,-0.09120521172638436,0.28013029315960913,0.0781758957654723,0.6026058631921825,0.13029315960912052,0.6644951140065146,0.1270358306188925,0.6547231270358306,0.04234527687296417,0.1758957654723127,0.2247557003257329,0.49185667752442996,0.24104234527687296,0.5570032573289903,0.1986970684039088,0.5472312703583062,0.1791530944625407,0.09771986970684039,0.3127035830618892,0.3583061889250814,0.2996742671009772,0.3973941368078176,0.24104234527687296,0.3713355048859935
1,0.0,0.0,-0.1423076923076923,0.14615384615384616,-0.19230769230769232,0.35384615384615387,-0.13076923076923078,0.5346153846153846,-0.03461538461538462,0.6576923076923077,-0.34615384615384615,0.38846153846153847,-0.4153846153846154,0.6807692307692308,-0.43846153846153846,0.8576923076923076,-0.46923076923076923,1.0,-0.2846153846153846,0.29615384615384616,-0.24615384615384617,0.6076923076923076,-0.1076923076923077,0.6615384615384615,-0.038461538461538464,0.6461538461538462,-0.15,0.2230769230769231,-0.023076923076923078,0.5153846153846153,0.057692307692307696,0.5846153846153846,0.05384615384615385,0.5884615384615385,0.0,0.17692307692307693,0.13076923076923078,0.4076923076923077,0.16153846153846155,0.4230769230769231,0.12307692307692308,0.38846153846153847
1,0.0,0.0,-0.11587982832618025,0.15879828326180256,-0.1630901287553648,0.37339055793991416,-0.12446351931330472,0.5450643776824035,-0.06437768240343347,0.6695278969957081,-0.30042918454935624,0.4592274678111588,-0.27467811158798283,0.703862660944206,-0.2317596566523605,0.871244635193133,-0.19313304721030042,1.0,-0.2446351931330472,0.37339055793991416,-0.12017167381974249,0.6652360515021459,-0.012875536480686695,0.6781115879828327,0.030042918454935622,0.6351931330472103,-0.12875536480686695,0.27896995708154504,0.06866952789699571,0.5450643776824035,0.12446351931330472,0.5236051502145923,0.09871244635193133,0.4678111587982833,0.008583690987124463,0.19313304721030042,0.19313304721030042,0.41630901287553645,0.21888412017167383,0.41630901287553645,0.1759656652360515,0.37339055793991416
1,0.0,0.0,-0.13043478260869565,0.19806763285024154,-0.18357487922705315,0.41545893719806765,-0.14009661835748793,0.5797101449275363,-0.06763285024154589,0.7004830917874396,-0.37681159420289856,0.45410628019323673,-0.3961352657004831,0.6908212560386473,-0.357487922705314,0.8599033816425121,-0.3333333333333333,1.0,-0.3285024154589372,0.33816425120772947,-0.2560386473429952,0.6231884057971014,-0.1111111111111111,0.6859903381642513,-0.03864734299516908,0.6908212560386473,-0.19806763285024154,0.24154589371980675,-0.01932367149758454,0.5024154589371981,0.06280193236714976,0.5700483091787439,0.057971014492753624,0.5942028985507246,-0.04830917874396135,0.15942028985507245,0.11594202898550725,0.3671497584541063,0.15942028985507245,0.4106280193236715,0.13043478260869565,0.42995169082125606
1,0.0,0.0,-0.07547169811320754,0.1509433962264151,-0.08490566037735849,0.35377358490566035,-0.009433962264150943,0.5188679245283019,0.05188679245283019,0.6556603773584906,-0.2688679245283019,0.42924528301886794,-0.25943396226415094,0.6933962264150944,-0.25,0.8584905660377359,-0.25,1.0,-0.23113207547169812,0.3632075471698113,-0.12735849056603774,0.6415094339622641,-0.03773584905660377,0.6084905660377359,-0.014150943396226415,0.5471698113207547,-0.12735849056603774,0.2830188679245283,0.05660377358490566,0.5141509433962265,0.09433962264150944,0.4528301886792453,0.04716981132075472,0.3915094339622642,-0.0047169811320754715,0.2169811320754717,0.1509433962264151,0.39622641509433965,0.16981132075471697,0.3490566037735849,0.1179245283018868,0.2830188679245283
1,0.0,0.0,-0.04716981132075472,0.1650943396226415,-0.02358490566037736,0.36792452830188677,0.08018867924528301,0.5283018867924528,0.1650943396226415,0.6556603773584906,-0.21226415094339623,0.44339622641509435,-0.14150943396226415,0.7216981132075472,-0.06132075471698113,0.8773584905660378,0.0047169811320754715,1.0,-0.1650943396226415,0.36792452830188677,-0.04245283018867924,0.6462264150943396,0.03773584905660377,0.6320754716981132,0.04716981132075472,0.5849056603773585,-0.06132075471698113,0.2783018867924528,0.10377358490566038,0.5,0.1509433962264151,0.5235849056603774,0.12735849056603774,0.5424528301886793,0.06132075471698113,0.19811320754716982,0.18867924528301888,0.3584905660377358,0.2169811320754717,0.3632075471698113,0.18396226415094338,0.3584905660377358
1,0.0,0.0,-0.08152173913043478,0.16304347826086957,-0.11413043478260869,0.3858695652173913,-0.05434782608695652,0.5597826086956522,0.0,0.7065217391304348,-0.34782608695652173,0.44565217391304346,-0.40217391304347827,0.7119565217391305,-0.42391304347826086,0.8695652173913043,-0.46195652173913043,1.0,-0.30434782608695654,0.375,-0.2391304347826087,0.6847826086956522,-0.13043478260869565,0.6413043478260869,-0.10326086956521739,0.5652173913043478,-0.1956521739130435,0.30434782608695654,-0.03260869565217391,0.5652173913043478,0.03260869565217391,0.5163043478260869,-0.005434782608695652,0.44565217391304346,-0.05434782608695652,0.25,0.09239130434782608,0.44021739130434784,0.13043478260869565,0.391304347826087,0.09239130434782608,0.32065217391304346
1,0.0,0.0,-0.06103286384976526,0.1643192488262911,-0.04225352112676056,0.36619718309859156,0.056338028169014086,0.5164319248826291,0.14553990610328638,0.647887323943662,-0.20187793427230047,0.4647887323943662,-0.13615023474178403,0.7276995305164319,-0.07511737089201878,0.8779342723004695,-0.028169014084507043,1.0,-0.1596244131455399,0.38967136150234744,-0.014084507042253521,0.6525821596244131,0.051643192488262914,0.5915492957746479,0.04225352112676056,0.5211267605633803,-0.06103286384976526,0.3004694835680751,0.13615023474178403,0.5070422535211268,0.15492957746478872,0.43661971830985913,0.09859154929577464,0.3755868544600939,0.06103286384976526,0.215962441314554,0.22535211267605634,0.39436619718309857,0.22065727699530516,0.3333333333333333,0.1643192488262911,0.27230046948356806
1,0.0,0.0,-0.0861244019138756,0.15789473684210525,-0.09569377990430622,0.36363636363636365,-0.009569377990430622,0.5358851674641149,0.05741626794258373,0.6746411483253588,-0.31100478468899523,0.430622009569378,-0.31100478468899523,0.6889952153110048,-0.2966507177033493,0.861244019138756,-0.291866028708134,1.0,-0.2535885167464115,0.3588516746411483,-0.1674641148325359,0.6507177033492823,-0.07177033492822966,0.6220095693779905,-0.04784688995215311,0.5550239234449761,-0.13875598086124402,0.2822966507177033,0.023923444976076555,0.5263157894736842,0.06220095693779904,0.48325358851674644,0.014354066985645933,0.42105263157894735,-0.004784688995215311,0.22009569377990432,0.1291866028708134,0.41626794258373206,0.14832535885167464,0.37799043062200954,0.10526315789473684,0.32057416267942584
1,0.0,0.0,-0.041474654377880185,0.16129032258064516,-0.03225806451612903,0.33640552995391704,0.041474654377880185,0.47465437788018433,0.07834101382488479,0.5898617511520737,-0.2626728110599078,0.423963133640553,-0.2350230414746544,0.6912442396313364,-0.1935483870967742,0.8617511520737328,-0.16589861751152074,1.0,-0.23963133640552994,0.33640552995391704,-0.12903225806451613,0.5806451612903226,-0.027649769585253458,0.5345622119815668,-0.018433179723502304,0.47465437788018433,-0.14285714285714285,0.24423963133640553,0.05069124423963134,0.4470046082949309,0.10138248847926268,0.3824884792626728,0.04608294930875576,0.3225806451612903,-0.018433179723502304,0.15668202764976957,0.15207373271889402,0.3225806451612903,0.16589861751152074,0.2672811059907834,0.10138248847926268,0.2073732718894009
1,0.0,0.0,-0.06880733944954129,0.20642201834862386,-0.0779816513761468,0.3853211009174312,-0.0045871559633027525,0.5275229357798165,0.07339449541284404,0.6376146788990825,-0.3302752293577982,0.44954128440366975,-0.25229357798165136,0.7155963302752294,-0.14220183486238533,0.8807339449541285,-0.05504587155963303,1.0,-0.3073394495412844,0.3211009174311927,-0.19724770642201836,0.5779816513761468,-0.07339449541284404,0.6055045871559633,-0.022935779816513763,0.5871559633027523,-0.19724770642201836,0.20642201834862386,0.01834862385321101,0.43577981651376146,0.0779816513761468,0.45871559633027525,0.03669724770642202,0.44036697247706424,-0.06422018348623854,0.11009174311926606,0.11926605504587157,0.3119266055045872,0.1559633027522936,0.3440366972477064,0.11009174311926606,0.3394495412844037
1,0.0,0.0,-0.08482142857142858,0.1875,-0.14285714285714285,0.375,-0.11160714285714286,0.5267857142857143,-0.08928571428571429,0.6651785714285714,-0.40625,0.4107142857142857,-0.48214285714285715,0.6830357142857143,-0.5178571428571429,0.8616071428571429,-0.5625,1.0,-0.375,0.3169642857142857,-0.3392857142857143,0.6026785714285714,-0.20089285714285715,0.5892857142857143,-0.15178571428571427,0.5223214285714286,-0.26339285714285715,0.24553571428571427,-0.12946428571428573,0.5133928571428571,-0.044642857142857144,0.47767857142857145,-0.06696428571428571,0.4107142857142857,-0.12053571428571429,0.19642857142857142,0.022321428571428572,0.41517857142857145,0.08035714285714286,0.3794642857142857,0.05357142857142857,0.3080357142857143
1,0.0,0.0,-0.06504065040650407,0.15853658536585366,-0.08943089430894309,0.35365853658536583,-0.032520325203252036,0.5121951219512195,0.012195121951219513,0.6382113821138211,-0.32113821138211385,0.4065040650406504,-0.32113821138211385,0.6869918699186992,-0.2926829268292683,0.8617886178861789,-0.2764227642276423,1.0,-0.2804878048780488,0.3170731707317073,-0.25609756097560976,0.5894308943089431,-0.14227642276422764,0.5934959349593496,-0.1016260162601626,0.556910569105691,-0.17073170731707318,0.23983739837398374,-0.06910569105691057,0.5,0.016260162601626018,0.5,0.012195121951219513,0.4715447154471545,-0.028455284552845527,0.18699186991869918,0.0975609756097561,0.4065040650406504,0.15853658536585366,0.3861788617886179,0.15447154471544716,0.32926829268292684
1,0.0,0.0,-0.12133891213389121,0.19665271966527198,-0.1799163179916318,0.3682008368200837,-0.13807531380753138,0.5188284518828452,-0.100418410041841,0.6610878661087866,-0.4435146443514644,0.42677824267782427,-0.4769874476987448,0.6694560669456067,-0.4309623430962343,0.8577405857740585,-0.40585774058577406,1.0,-0.41422594142259417,0.2928870292887029,-0.3514644351464435,0.5774058577405857,-0.19665271966527198,0.5732217573221757,-0.17573221757322174,0.5062761506276151,-0.2928870292887029,0.19665271966527198,-0.17154811715481172,0.4811715481171548,-0.058577405857740586,0.4769874476987448,-0.0794979079497908,0.39748953974895396,-0.15481171548117154,0.14644351464435146,-0.008368200836820083,0.3807531380753138,0.06694560669456066,0.401673640167364,0.0502092050209205,0.3472803347280335
1,0.0,0.0,-0.11504424778761062,0.168141592920354,-0.20353982300884957,0.3805309734513274,-0.18584070796460178,0.5752212389380531,-0.16371681415929204,0.7300884955752213,-0.5,0.39823008849557523,-0.588495575221239,0.6858407079646017,-0.6061946902654868,0.8628318584070797,-0.6504424778761062,1.0,-0.46017699115044247,0.3185840707964602,-0.4469026548672566,0.6637168141592921,-0.29646017699115046,0.6327433628318584,-0.2610619469026549,0.5486725663716814,-0.3407079646017699,0.25663716814159293,-0.22123893805309736,0.5707964601769911,-0.11946902654867257,0.5132743362831859,-0.15486725663716813,0.42920353982300885,-0.18141592920353983,0.22123893805309736,-0.03982300884955752,0.45132743362831856,0.017699115044247787,0.3938053097345133,-0.022123893805309734,0.30973451327433627
1,0.0,0.0,-0.12222222222222222,0.1814814814814815,-0.17407407407407408,0.36666666666666664,-0.12222222222222222,0.5296296296296297,-0.06296296296296296,0.6518518518518519,-0.40370370370370373,0.3592592592592593,-0.34814814814814815,0.662962962962963,-0.27037037037037037,0.8555555555555555,-0.2037037037037037,1.0,-0.34814814814814815,0.25555555555555554,-0.2814814814814815,0.5296296296296297,-0.18518518518518517,0.5666666666666667,-0.15555555555555556,0.5407407407407407,-0.21481481481481482,0.17407407407407408,-0.08148148148148149,0.44074074074074077,-0.044444444444444446,0.5074074074074074,-0.09259259259259259,0.5296296296296297,-0.06666666666666667,0.11851851851851852,0.06666666666666667,0.32222222222222224,0.07777777777777778,0.34444444444444444,0.02962962962962963,0.337037037037037
1,0.0,0.0,-0.12550607287449392,0.17408906882591094,-0.19838056680161945,0.3684210526315789,-0.17813765182186234,0.5546558704453441,-0.1659919028340081,0.7125506072874493,-0.4979757085020243,0.3765182186234818,-0.6153846153846154,0.6720647773279352,-0.6720647773279352,0.8623481781376519,-0.7408906882591093,1.0,-0.44534412955465585,0.2834008097165992,-0.46558704453441296,0.6072874493927125,-0.3076923076923077,0.6194331983805668,-0.24696356275303644,0.562753036437247,-0.30364372469635625,0.21862348178137653,-0.20647773279352227,0.5263157894736842,-0.10121457489878542,0.5182186234817814,-0.1214574898785425,0.4534412955465587,-0.13765182186234817,0.1862348178137652,-0.020242914979757085,0.43724696356275305,0.044534412955465584,0.4251012145748988,0.016194331983805668,0.3643724696356275
1,0.0,0.0,-0.20652173913043478,0.20108695652173914,-0.2717391304347826,0.5054347826086957,-0.16847826086956522,0.7989130434782609,-0.059782608695652176,0.9891304347826086,-0.5597826086956522,0.5706521739130435,-0.5543478260869565,0.9836956521739131,-0.34782608695652173,1.0,-0.30978260869565216,0.9510869565217391,-0.45652173913043476,0.4673913043478261,-0.43478260869565216,0.9347826086956522,-0.2554347826086957,0.9456521739130435,-0.22826086956521738,0.8695652173913043,-0.266304347826087,0.375,-0.13043478260869565,0.8043478260869565,-0.016304347826086956,0.8315217391304348,-0.04891304347826087,0.7989130434782609,-0.04891304347826087,0.30434782608695654,0.125,0.625,0.1956521739130435,0.6195652173913043,0.16847826086956522,0.5597826086956522
1,0.0,0.0,-0.16730038022813687,0.20532319391634982,-0.23193916349809887,0.42585551330798477,-0.1482889733840304,0.5779467680608364,-0.034220532319391636,0.6806083650190115,-0.4448669201520912,0.3916349809885932,-0.4828897338403042,0.6539923954372624,-0.4524714828897338,0.8517110266159695,-0.4220532319391635,1.0,-0.3688212927756654,0.27756653992395436,-0.27756653992395436,0.5551330798479087,-0.14068441064638784,0.6273764258555133,-0.07604562737642585,0.623574144486692,-0.21673003802281368,0.19771863117870722,-0.022813688212927757,0.5019011406844106,0.06463878326996197,0.5171102661596958,0.057034220532319393,0.46387832699619774,-0.045627376425855515,0.1520912547528517,0.12167300380228137,0.41064638783269963,0.1596958174904943,0.42585551330798477,0.12167300380228137,0.376425855513308
1,0.0,0.0,-0.14,0.136,-0.196,0.372,-0.136,0.58,-0.084,0.736,-0.452,0.372,-0.548,0.672,-0.588,0.856,-0.648,1.0,-0.368,0.3,-0.348,0.668,-0.228,0.648,-0.196,0.564,-0.216,0.252,-0.124,0.6,-0.048,0.56,-0.068,0.472,-0.048,0.224,0.036,0.492,0.072,0.46,0.044,0.376
1,0.0,0.0,-0.1213235294117647,0.16911764705882354,-0.14705882352941177,0.3860294117647059,-0.07352941176470588,0.5735294117647058,-0.014705882352941176,0.7169117647058824,-0.3161764705882353,0.39338235294117646,-0.23161764705882354,0.6985294117647058,-0.14705882352941177,0.8713235294117647,-0.08088235294117647,1.0,-0.22426470588235295,0.2977941176470588,-0.125,0.5919117647058824,-0.04044117647058824,0.6727941176470589,0.003676470588235294,0.6911764705882353,-0.08455882352941177,0.21323529411764705,0.04779411764705882,0.4889705882352941,0.09191176470588236,0.5772058823529411,0.08088235294117647,0.6102941176470589,0.05514705882352941,0.15073529411764705,0.1875,0.38235294117647056,0.22426470588235295,0.43014705882352944,0.21691176470588236,0.43014705882352944
1,0.0,0.0,-0.12946428571428573,0.3080357142857143,-0.22321428571428573,0.6071428571428571,-0.28125,0.8169642857142857,-0.34375,1.0,-0.39732142857142855,0.41517857142857145,-0.3705357142857143,0.6160714285714286,-0.3125,0.75,-0.26785714285714285,0.8616071428571429,-0.2767857142857143,0.27232142857142855,-0.14285714285714285,0.53125,-0.03571428571428571,0.6473214285714286,0.03125,0.7053571428571429,-0.10714285714285714,0.16071428571428573,0.05357142857142857,0.4375,0.11607142857142858,0.5178571428571429,0.13392857142857142,0.5401785714285714,0.07142857142857142,0.09375,0.20982142857142858,0.33035714285714285,0.22767857142857142,0.40625,0.20089285714285715,0.42857142857142855
1,0.0,0.0,-0.1346153846153846,0.1346153846153846,-0.16538461538461538,0.35384615384615387,-0.06923076923076923,0.5423076923076923,0.019230769230769232,0.6961538461538461,-0.3384615384615385,0.38076923076923075,-0.36538461538461536,0.6807692307692308,-0.3730769230769231,0.8615384615384616,-0.39615384615384613,1.0,-0.23461538461538461,0.3153846153846154,-0.16153846153846155,0.65,-0.08076923076923077,0.6115384615384616,-0.06923076923076923,0.5230769230769231,-0.09230769230769231,0.26153846153846155,0.03076923076923077,0.5576923076923077,0.06153846153846154,0.5,0.023076923076923078,0.4153846153846154,0.05,0.21923076923076923,0.14615384615384616,0.4576923076923077,0.15,0.40384615384615385,0.1076923076923077,0.3230769230769231
1,0.0,0.0,-0.09561752988047809,0.16334661354581673,-0.099601593625498,0.38247011952191234,0.03187250996015936,0.5537848605577689,0.13147410358565736,0.6812749003984063,-0.250996015936255,0.43824701195219123,-0.14342629482071714,0.7250996015936255,-0.0398406374501992,0.8884462151394422,0.04780876494023904,1.0,-0.1553784860557769,0.3386454183266932,-0.0398406374501992,0.6533864541832669,0.027888446215139442,0.6533864541832669,0.043824701195219126,0.5896414342629482,-0.02390438247011952,0.24701195219123506,0.16334661354581673,0.5258964143426295,0.16733067729083664,0.47808764940239046,0.10358565737051793,0.398406374501992,0.11553784860557768,0.16733067729083664,0.26294820717131473,0.4063745019920319,0.24701195219123506,0.3665338645418327,0.17928286852589642,0.2948207171314741
1,0.0,0.0,-0.1297071129707113,0.1589958158995816,-0.13389121338912133,0.3807531380753138,0.0,0.5564853556485355,0.11715481171548117,0.6778242677824268,-0.2928870292887029,0.4309623430962343,-0.24267782426778242,0.694560669456067,-0.19665271966527198,0.8702928870292888,-0.17154811715481172,1.0,-0.200836820083682,0.3514644351464435,-0.07112970711297072,0.6527196652719666,0.008368200836820083,0.6569037656903766,0.02510460251046025,0.602510460251046,-0.06276150627615062,0.26778242677824265,0.1087866108786611,0.5481171548117155,0.12552301255230125,0.5104602510460251,0.07531380753138076,0.4435146443514644,0.0794979079497908,0.19246861924686193,0.22594142259414227,0.41841004184100417,0.2175732217573222,0.3807531380753138,0.1506276150627615,0.3054393305439331
1,0.0,0.0,-0.14347826086956522,0.16956521739130434,-0.19130434782608696,0.4260869565217391,-0.1391304347826087,0.6391304347826087,-0.06086956521739131,0.7782608695652173,-0.3130434782608696,0.4826086956521739,-0.30869565217391304,0.7695652173913043,-0.28695652173913044,0.908695652173913,-0.2826086956521739,1.0,-0.2217391304347826,0.43478260869565216,-0.13478260869565217,0.7869565217391304,-0.02608695652173913,0.7956521739130434,0.017391304347826087,0.7304347826086957,-0.08695652173913043,0.3739130434782609,0.0782608695652174,0.6739130434782609,0.11739130434782609,0.6130434782608696,0.08260869565217391,0.5304347826086957,0.06086956521739131,0.30869565217391304,0.19130434782608696,0.5217391304347826,0.1956521739130435,0.46956521739130436,0.14347826086956522,0.39565217391304347
1,0.0,0.0,-0.08835341365461848,0.1606425702811245,-0.08835341365461848,0.3654618473895582,0.024096385542168676,0.5301204819277109,0.1285140562248996,0.6546184738955824,-0.23293172690763053,0.41767068273092367,-0.12449799196787148,0.7188755020080321,-0.024096385542168676,0.8835341365461847,0.05622489959839357,1.0,-0.1566265060240964,0.3293172690763052,-0.004016064257028112,0.6184738955823293,0.05622489959839357,0.5903614457831325,0.04819277108433735,0.5261044176706827,-0.040160642570281124,0.23694779116465864,0.14457831325301204,0.4979919678714859,0.1606425702811245,0.4497991967871486,0.10040160642570281,0.3815261044176707,0.08032128514056225,0.1606425702811245,0.2289156626506024,0.3654618473895582,0.21686746987951808,0.3333333333333333,0.15261044176706828,0.26907630522088355
1,0.0,0.0,-0.13122171945701358,0.14027149321266968,-0.19004524886877827,0.3574660633484163,-0.13122171945701358,0.5475113122171946,-0.06334841628959276,0.6923076923076923,-0.37104072398190047,0.4072398190045249,-0.39819004524886875,0.6877828054298643,-0.4072398190045249,0.8642533936651584,-0.4298642533936652,1.0,-0.2986425339366516,0.36199095022624433,-0.2171945701357466,0.6923076923076923,-0.12217194570135746,0.6515837104072398,-0.10407239819004525,0.5610859728506787,-0.17194570135746606,0.3167420814479638,-0.02262443438914027,0.5927601809954751,0.02262443438914027,0.5248868778280543,-0.013574660633484163,0.4479638009049774,-0.027149321266968326,0.28054298642533937,0.10407239819004525,0.4751131221719457,0.12217194570135746,0.4072398190045249,0.07239819004524888,0.334841628959276
1,0.0,0.0,-0.09777777777777778,0.1511111111111111,-0.13777777777777778,0.35555555555555557,-0.07111111111111111,0.5377777777777778,-0.008888888888888889,0.6755555555555556,-0.3288888888888889,0.4266666666666667,-0.28,0.7022222222222222,-0.20444444444444446,0.8755555555555555,-0.13777777777777778,1.0,-0.27555555555555555,0.35555555555555557,-0.2,0.6488888888888888,-0.09777777777777778,0.6133333333333333,-0.06666666666666667,0.5422222222222223,-0.15555555555555556,0.28,0.0044444444444444444,0.5333333333333333,0.04888888888888889,0.4666666666666667,0.0044444444444444444,0.39555555555555555,-0.008888888888888889,0.2222222222222222,0.13333333333333333,0.4311111111111111,0.14666666666666667,0.37333333333333335,0.09777777777777778,0.3022222222222222
1,0.0,0.0,-0.14285714285714285,0.2,-0.22380952380952382,0.4142857142857143,-0.2,0.6142857142857143,-0.18095238095238095,0.7619047619047619,-0.5095238095238095,0.3904761904761905,-0.5476190476190477,0.6619047619047619,-0.5333333333333333,0.8571428571428571,-0.5428571428571428,1.0,-0.44285714285714284,0.3,-0.44761904761904764,0.6285714285714286,-0.3047619047619048,0.6904761904761905,-0.23333333333333334,0.6714285714285714,-0.3047619047619048,0.23333333333333334,-0.21904761904761905,0.5333333333333333,-0.12380952380952381,0.5380952380952381,-0.13333333333333333,0.48095238095238096,-0.1380952380952381,0.19047619047619047,-0.02857142857142857,0.43333333333333335,0.03333333333333333,0.44285714285714284,0.014285714285714285,0.3952380952380952
2,0.0,0.0,-0.1853932584269663,0.07303370786516854,-0.4101123595505618,0.011235955056179775,-0.5561797752808989,-0.0449438202247191,-0.6910112359550562,-0.08426966292134831,-0.43820224719101125,-0.14606741573033707,-0.6460674157303371,-0.20786516853932585,-0.8202247191011236,-0.24719101123595505,-0.9719101123595506,-0.2696629213483146,-0.4101123595505618,-0.1853932584269663,-0.6235955056179775,-0.24157303370786518,-0.8202247191011236,-0.2808988764044944,-1.0,-0.3146067415730337,-0.3595505617977528,-0.20786516853932585,-0.5730337078651685,-0.2640449438202247,-0.7584269662921348,-0.29775280898876405,-0.9269662921348315,-0.3202247191011236,-0.29775280898876405,-0.21348314606741572,-0.4606741573033708,-0.2696629213483146,-0.6067415730337079,-0.29213483146067415,-0.7415730337078652,-0.3089887640449438
2,0.0,0.0,-0.225,0.085,-0.44,0.02,-0.56,-0.05,-0.67,-0.095,-0.53,-0.155,-0.71,-0.255,-0.845,-0.32,-0.965,-0.385,-0.495,-0.195,-0.69,-0.3,-0.85,-0.365,-1.0,-0.425,-0.43,-0.22,-0.625,-0.32,-0.775,-0.375,-0.915,-0.42,-0.34,-0.225,-0.49,-0.3,-0.61,-0.34,-0.72,-0.365
2,0.0,0.0,-0.17511520737327188,0.055299539170506916,-0.3686635944700461,0.08294930875576037,-0.511520737327189,0.07834101382488479,-0.6221198156682027,0.055299539170506916,-0.4470046082949309,0.09216589861751152,-0.6543778801843319,0.0967741935483871,-0.815668202764977,0.11059907834101383,-0.9539170506912442,0.12903225806451613,-0.4608294930875576,0.07834101382488479,-0.6774193548387096,0.09216589861751152,-0.847926267281106,0.11059907834101383,-1.0,0.12903225806451613,-0.46543778801843316,0.06451612903225806,-0.6774193548387096,0.07834101382488479,-0.8294930875576036,0.09216589861751152,-0.9585253456221198,0.1152073732718894,-0.4608294930875576,0.04608294930875576,-0.6221198156682027,0.055299539170506916,-0.7327188940092166,0.07373271889400922,-0.8294930875576036,0.09216589861751152
2,0.0,0.0,-0.20853080568720378,0.11374407582938388,-0.4075829383886256,0.061611374407582936,-0.5308056872037915,-0.004739336492890996,-0.6492890995260664,-0.052132701421800945,-0.5308056872037915,-0.08056872037914692,-0.7109004739336493,-0.15639810426540285,-0.8436018957345972,-0.1943127962085308,-0.9620853080568721,-0.23222748815165878,-0.5118483412322274,-0.12322274881516587,-0.7156398104265402,-0.1848341232227488,-0.8625592417061612,-0.22274881516587677,-1.0,-0.2559241706161137,-0.4786729857819905,-0.15165876777251186,-0.6872037914691943,-0.2037914691943128,-0.8246445497630331,-0.23222748815165878,-0.9478672985781991,-0.2559241706161137,-0.44075829383886256,-0.15165876777251186,-0.6066350710900474,-0.1895734597156398,-0.7109004739336493,-0.2132701421800948,-0.7962085308056872,-0.23222748815165878
2,0.0,0.0,-0.23857868020304568,0.08629441624365482,-0.4720812182741117,0.050761421319796954,-0.6142131979695431,-0.01015228426395939,-0.7157360406091371,-0.03553299492385787,-0.5583756345177665,-0.1218274111675127,-0.7461928934010152,-0.16751269035532995,-0.8781725888324873,-0.17258883248730963,-0.9847715736040609,-0.17258883248730963,-0.5482233502538071,-0.14720812182741116,-0.751269035532995,-0.18781725888324874,-0.8934010152284264,-0.19289340101522842,-1.0,-0.18781725888324874,-0.5329949238578681,-0.13705583756345177,-0.7309644670050761,-0.16751269035532995,-0.8629441624365483,-0.16243654822335024,-0.9593908629441624,-0.15736040609137056,-0.5076142131979695,-0.10152284263959391,-0.6700507614213198,-0.10152284263959391,-0.7614213197969543,-0.09137055837563451,-0.8375634517766497,-0.09137055837563451
2,0.0,0.0,-0.19095477386934673,0.12060301507537688,-0.38190954773869346,0.1507537688442211,-0.49748743718592964,0.18090452261306533,-0.5778894472361809,0.22110552763819097,-0.5175879396984925,-0.035175879396984924,-0.7085427135678392,-0.03015075376884422,-0.8442211055276382,-0.01507537688442211,-0.9597989949748744,0.0,-0.5175879396984925,-0.06532663316582915,-0.7286432160804021,-0.05025125628140704,-0.8743718592964824,-0.03015075376884422,-1.0,-0.010050251256281407,-0.5025125628140703,-0.07035175879396985,-0.7085427135678392,-0.05527638190954774,-0.8542713567839196,-0.035175879396984924,-0.9748743718592965,-0.010050251256281407,-0.4824120603015075,-0.04020100502512563,-0.6582914572864321,-0.035175879396984924,-0.7788944723618091,-0.020100502512562814,-0.8743718592964824,-0.005025125628140704
2,0.0,0.0,-0.21761658031088082,0.06217616580310881,-0.40932642487046633,-0.031088082901554404,-0.5181347150259067,-0.10880829015544041,-0.616580310880829,-0.17098445595854922,-0.533678756476684,-0.20725388601036268,-0.7098445595854922,-0.29533678756476683,-0.8393782383419689,-0.33678756476683935,-0.9585492227979274,-0.38341968911917096,-0.5181347150259067,-0.24870466321243523,-0.7150259067357513,-0.34196891191709844,-0.8652849740932642,-0.40414507772020725,-1.0,-0.46113989637305697,-0.48704663212435234,-0.26424870466321243,-0.689119170984456,-0.3626943005181347,-0.8290155440414507,-0.41968911917098445,-0.9533678756476683,-0.45595854922279794,-0.45077720207253885,-0.2538860103626943,-0.6113989637305699,-0.3316062176165803,-0.7202072538860104,-0.37823834196891193,-0.8134715025906736,-0.40414507772020725
2,0.0,0.0,-0.1689497716894977,0.0958904109589041,-0.3515981735159817,0.1232876712328767,-0.4748858447488584,0.136986301369863,-0.5799086757990868,0.1643835616438356,-0.4703196347031963,0.0502283105022831,-0.6712328767123288,0.1050228310502283,-0.817351598173516,0.136986301369863,-0.9452054794520548,0.1643835616438356,-0.4657534246575342,0.0410958904109589,-0.6940639269406392,0.1050228310502283,-0.8538812785388128,0.1415525114155251,-1.0,0.1735159817351598,-0.4383561643835616,0.0547945205479452,-0.6621004566210046,0.1050228310502283,-0.817351598173516,0.1415525114155251,-0.954337899543379,0.1689497716894977,-0.4018264840182648,0.091324200913242,-0.5616438356164384,0.1141552511415525,-0.6666666666666666,0.1324200913242009,-0.771689497716895,0.1552511415525114
2,0.0,0.0,-0.22115384615384615,0.09615384615384616,-0.41346153846153844,0.03365384615384615,-0.5192307692307693,-0.03365384615384615,-0.625,-0.08653846153846154,-0.5384615384615384,-0.1201923076923077,-0.7115384615384616,-0.21153846153846154,-0.8413461538461539,-0.27403846153846156,-0.9519230769230769,-0.33653846153846156,-0.5192307692307693,-0.16346153846153846,-0.7211538461538461,-0.25961538461538464,-0.8653846153846154,-0.32211538461538464,-1.0,-0.38461538461538464,-0.47596153846153844,-0.1875,-0.6778846153846154,-0.27884615384615385,-0.8269230769230769,-0.33653846153846156,-0.9567307692307693,-0.38461538461538464,-0.4230769230769231,-0.18269230769230768,-0.5817307692307693,-0.2548076923076923,-0.6923076923076923,-0.28846153846153844,-0.7932692307692307,-0.3125
2,0.0,0.0,-0.14351851851851852,0.06018518518518518,-0.3055555555555556,0.1388888888888889,-0.41203703703703703,0.2037037037037037,-0.49537037037037035,0.2638888888888889,-0.4398148148148148,0.0787037037037037,-0.6712962962962963,0.16203703703703703,-0.8240740740740741,0.23148148148148148,-0.9444444444444444,0.28703703703703703,-0.4351851851851852,0.08333333333333333,-0.7083333333333334,0.18518518518518517,-0.8703703703703703,0.26851851851851855,-1.0,0.3287037037037037,-0.4074074074074074,0.11574074074074074,-0.6666666666666666,0.21296296296296297,-0.8194444444444444,0.2916666666666667,-0.9351851851851852,0.35185185185185186,-0.36574074074074076,0.18055555555555555,-0.5555555555555556,0.2361111111111111,-0.6759259259259259,0.28703703703703703,-0.7777777777777778,0.3333333333333333
2,0.0,0.0,-0.21559633027522937,0.10091743119266056,-0.37155963302752293,0.06880733944954129,-0.47706422018348627,0.05504587155963303,-0.591743119266055,0.06880733944954129,-0.5045871559633027,-0.08256880733944955,-0.6788990825688074,-0.0871559633027523,-0.7568807339449541,-0.05963302752293578,-0.8119266055045872,-0.05504587155963303,-0.4954128440366973,-0.12385321100917432,-0.7201834862385321,-0.16055045871559634,-0.8807339449541285,-0.1651376146788991,-1.0,-0.1926605504587156,-0.4541284403669725,-0.13302752293577982,-0.6880733944954128,-0.1926605504587156,-0.8394495412844036,-0.19724770642201836,-0.9495412844036697,-0.22018348623853212,-0.40825688073394495,-0.10091743119266056,-0.5688073394495413,-0.14678899082568808,-0.6834862385321101,-0.1743119266055046,-0.7889908256880734,-0.20642201834862386
2,0.0,0.0,-0.14948453608247422,0.18041237113402062,-0.3402061855670103,0.31443298969072164,-0.4072164948453608,0.44329896907216493,-0.42783505154639173,0.5412371134020618,-0.6134020618556701,0.020618556701030927,-0.788659793814433,-0.03608247422680412,-0.8865979381443299,-0.05670103092783505,-0.9587628865979382,-0.06701030927835051,-0.6185567010309279,-0.061855670103092786,-0.8041237113402062,-0.11855670103092783,-0.9123711340206185,-0.13917525773195877,-0.9896907216494846,-0.14948453608247422,-0.6185567010309279,-0.12371134020618557,-0.7938144329896907,-0.18556701030927836,-0.9123711340206185,-0.1958762886597938,-1.0,-0.1958762886597938,-0.6082474226804123,-0.15979381443298968,-0.788659793814433,-0.20618556701030927,-0.8814432989690721,-0.21649484536082475,-0.9329896907216495,-0.211340206185567
2,0.0,0.0,-0.14537444933920704,0.13215859030837004,-0.32158590308370044,0.18061674008810572,-0.4669603524229075,0.18502202643171806,-0.5814977973568282,0.18061674008810572,-0.4581497797356828,0.14096916299559473,-0.6784140969162996,0.16299559471365638,-0.8281938325991189,0.19383259911894274,-0.960352422907489,0.22466960352422907,-0.4713656387665198,0.10572687224669604,-0.6916299559471366,0.12334801762114538,-0.8502202643171806,0.15859030837004406,-1.0,0.20704845814977973,-0.46255506607929514,0.07048458149779736,-0.6696035242290749,0.11013215859030837,-0.8281938325991189,0.15859030837004406,-0.9691629955947136,0.21145374449339208,-0.44052863436123346,0.048458149779735685,-0.6123348017621145,0.09691629955947137,-0.7268722466960352,0.13215859030837004,-0.8237885462555066,0.16299559471365638
2,0.0,0.0,-0.22767857142857142,0.11607142857142858,-0.3705357142857143,0.11160714285714286,-0.46875,0.09821428571428571,-0.5625,0.09821428571428571,-0.53125,0.0,-0.6607142857142857,0.04017857142857143,-0.625,0.11160714285714286,-0.5535714285714286,0.14285714285714285,-0.53125,-0.05357142857142857,-0.7455357142857143,-0.09821428571428571,-0.8839285714285714,-0.11160714285714286,-1.0,-0.14732142857142858,-0.48214285714285715,-0.08035714285714286,-0.7008928571428571,-0.16071428571428573,-0.8482142857142857,-0.16964285714285715,-0.9642857142857143,-0.19642857142857142,-0.4107142857142857,-0.08482142857142858,-0.5892857142857143,-0.13839285714285715,-0.71875,-0.15178571428571427,-0.8258928571428571,-0.16964285714285715
2,0.0,0.0,-0.23178807947019867,0.2185430463576159,-0.44370860927152317,0.36423841059602646,-0.5364238410596026,0.4900662251655629,-0.6026490066225165,0.5629139072847682,-0.7682119205298014,0.15894039735099338,-0.9470198675496688,-0.033112582781456956,-0.9006622516556292,-0.16556291390728478,-0.8344370860927153,-0.23841059602649006,-0.8079470198675497,0.11258278145695365,-0.9602649006622517,-0.09933774834437085,-0.8874172185430463,-0.2185430463576159,-0.8013245033112583,-0.26490066225165565,-0.8278145695364238,0.052980132450331126,-0.9933774834437086,-0.17218543046357615,-0.9139072847682119,-0.2847682119205298,-0.8211920529801324,-0.31788079470198677,-0.8278145695364238,-0.013245033112582781,-1.0,-0.1986754966887417,-0.9403973509933775,-0.2913907284768212,-0.8543046357615894,-0.31788079470198677
2,0.0,0.0,-0.16956521739130434,0.13478260869565217,-0.34347826086956523,0.1956521739130435,-0.4608695652173913,0.22608695652173913,-0.5652173913043478,0.2608695652173913,-0.4826086956521739,0.17391304347826086,-0.6782608695652174,0.2391304347826087,-0.8173913043478261,0.28695652173913044,-0.9391304347826087,0.33043478260869563,-0.48695652173913045,0.1565217391304348,-0.7086956521739131,0.2391304347826087,-0.8608695652173913,0.2956521739130435,-1.0,0.34347826086956523,-0.45652173913043476,0.1391304347826087,-0.6782608695652174,0.2217391304347826,-0.8260869565217391,0.27391304347826084,-0.9478260869565217,0.3173913043478261,-0.41739130434782606,0.13043478260869565,-0.5739130434782609,0.1826086956521739,-0.6739130434782609,0.22608695652173913,-0.7652173913043478,0.2565217391304348
2,0.0,0.0,-0.19607843137254902,0.14215686274509803,-0.4166666666666667,0.14705882352941177,-0.5588235294117647,0.12745098039215685,-0.6813725490196079,0.12254901960784313,-0.5343137254901961,0.014705882352941176,-0.7156862745098039,-0.0196078431372549,-0.8480392156862745,-0.0392156862745098,-0.9705882352941176,-0.058823529411764705,-0.5196078431372549,-0.024509803921568627,-0.7156862745098039,-0.06862745098039216,-0.8627450980392157,-0.08333333333333333,-1.0,-0.09803921568627451,-0.47549019607843135,-0.05392156862745098,-0.6666666666666666,-0.08823529411764706,-0.8088235294117647,-0.08823529411764706,-0.9362745098039216,-0.09313725490196079,-0.4117647058823529,-0.06372549019607843,-0.5686274509803921,-0.08333333333333333,-0.6764705882352942,-0.09313725490196079,-0.7696078431372549,-0.09313725490196079
2,0.0,0.0,-0.22065727699530516,0.12206572769953052,-0.39436619718309857,0.09389671361502347,-0.5117370892018779,0.06572769953051644,-0.6291079812206573,0.056338028169014086,-0.5258215962441315,-0.056338028169014086,-0.6995305164319249,-0.11737089201877934,-0.8403755868544601,-0.1267605633802817,-0.9530516431924883,-0.13615023474178403,-0.5070422535211268,-0.09389671361502347,-0.7230046948356808,-0.15023474178403756,-0.8826291079812206,-0.15492957746478872,-1.0,-0.15023474178403756,-0.47417840375586856,-0.10328638497652583,-0.6901408450704225,-0.1643192488262911,-0.8450704225352113,-0.1643192488262911,-0.9530516431924883,-0.15023474178403756,-0.4272300469483568,-0.07981220657276995,-0.6009389671361502,-0.11267605633802817,-0.7230046948356808,-0.12206572769953052,-0.8215962441314554,-0.11737089201877934
2,0.0,0.0,-0.1717171717171717,0.20202020202020202,-0.37373737373737376,0.2474747474747475,-0.5303030303030303,0.25252525252525254,-0.6616161616161617,0.25757575757575757,-0.4898989898989899,0.15656565656565657,-0.6868686868686869,0.21212121212121213,-0.8232323232323232,0.26262626262626265,-0.9494949494949495,0.31313131313131315,-0.4898989898989899,0.12626262626262627,-0.7070707070707071,0.20707070707070707,-0.8585858585858586,0.2727272727272727,-1.0,0.3333333333333333,-0.45454545454545453,0.10606060606060606,-0.6717171717171717,0.18686868686868688,-0.8080808080808081,0.2474747474747475,-0.9292929292929293,0.29797979797979796,-0.3939393939393939,0.10101010101010101,-0.5353535353535354,0.15151515151515152,-0.6313131313131313,0.19696969696969696,-0.7171717171717171,0.23737373737373738
2,0.0,0.0,-0.19696969696969696,0.1717171717171717,-0.4090909090909091,0.18686868686868688,-0.5454545454545454,0.18181818181818182,-0.6666666666666666,0.18181818181818182,-0.5050505050505051,0.0707070707070707,-0.702020202020202,0.0707070707070707,-0.8434343434343434,0.07575757575757576,-0.9646464646464646,0.08080808080808081,-0.494949494949495,0.025252525252525252,-0.7121212121212122,0.03535353535353535,-0.8636363636363636,0.050505050505050504,-1.0,0.06565656565656566,-0.45454545454545453,0.0,-0.6717171717171717,0.030303030303030304,-0.8181818181818182,0.050505050505050504,-0.9444444444444444,0.0707070707070707,-0.398989898989899,0.010101010101010102,-0.5454545454545454,0.03535353535353535,-0.6515151515151515,0.050505050505050504,-0.7474747474747475,0.06565656565656566
2,0.0,0.0,-0.2028985507246377,0.1111111111111111,-0.4106280193236715,0.0821256038647343,-0.5458937198067633,0.057971014492753624,-0.6714975845410628,0.06763285024154589,-0.5120772946859904,-0.057971014492753624,-0.6859903381642513,-0.12560386473429952,-0.821256038647343,-0.15942028985507245,-0.9468599033816425,-0.18840579710144928,-0.5024154589371981,-0.10144927536231885,-0.6956521739130435,-0.15942028985507245,-0.855072463768116,-0.18357487922705315,-1.0,-0.2028985507246377,-0.45893719806763283,-0.12560386473429952,-0.6521739130434783,-0.18357487922705315,-0.8019323671497585,-0.20772946859903382,-0.9323671497584541,-0.2222222222222222,-0.3961352657004831,-0.12077294685990338,-0.5458937198067633,-0.16908212560386474,-0.6521739130434783,-0.1932367149758454,-0.7439613526570048,-0.20772946859903382
2,0.0,0.0,-0.1407035175879397,0.19597989949748743,-0.3316582914572864,0.2613065326633166,-0.47738693467336685,0.3015075376884422,-0.5979899497487438,0.36180904522613067,-0.49748743718592964,0.1407035175879397,-0.6984924623115578,0.25125628140703515,-0.8291457286432161,0.3417085427135678,-0.9447236180904522,0.4271356783919598,-0.49748743718592964,0.11557788944723618,-0.7336683417085427,0.2613065326633166,-0.8743718592964824,0.3768844221105528,-1.0,0.4723618090452261,-0.4623115577889447,0.1306532663316583,-0.7035175879396985,0.2663316582914573,-0.8391959798994975,0.37185929648241206,-0.9597989949748744,0.45226130653266333,-0.40703517587939697,0.18090452261306533,-0.5728643216080402,0.271356783919598,-0.6834170854271356,0.33668341708542715,-0.7839195979899497,0.39195979899497485
2,0.0,0.0,-0.16097560975609757,0.17073170731707318,-0.35609756097560974,0.2097560975609756,-0.4878048780487805,0.21951219512195122,-0.6048780487804878,0.2634146341463415,-0.4975609756097561,0.13658536585365855,-0.7073170731707317,0.2048780487804878,-0.8439024390243902,0.2634146341463415,-0.9658536585365853,0.3121951219512195,-0.5024390243902439,0.1024390243902439,-0.7170731707317073,0.1951219512195122,-0.8634146341463415,0.2731707317073171,-1.0,0.33170731707317075,-0.47804878048780486,0.08780487804878048,-0.697560975609756,0.18048780487804877,-0.8341463414634146,0.24878048780487805,-0.9560975609756097,0.3024390243902439,-0.44390243902439025,0.0975609756097561,-0.6097560975609756,0.16585365853658537,-0.7170731707317073,0.2097560975609756,-0.8048780487804879,0.25365853658536586
2,0.0,0.0,-0.15865384615384615,0.11538461538461539,-0.36538461538461536,0.10096153846153846,-0.5,0.0625,-0.625,0.057692307692307696,-0.5240384615384616,-0.04807692307692308,-0.7019230769230769,-0.09615384615384616,-0.8269230769230769,-0.125,-0.9375,-0.15384615384615385,-0.5144230769230769,-0.09615384615384616,-0.7163461538461539,-0.14903846153846154,-0.8605769230769231,-0.1778846153846154,-1.0,-0.21153846153846154,-0.46634615384615385,-0.1346153846153846,-0.6682692307692307,-0.20192307692307693,-0.8076923076923077,-0.23076923076923078,-0.9375,-0.2548076923076923,-0.3942307692307692,-0.16346153846153846,-0.5625,-0.22596153846153846,-0.6778846153846154,-0.24519230769230768,-0.7932692307692307,-0.25961538461538464
2,0.0,0.0,-0.14285714285714285,0.14285714285714285,-0.33004926108374383,0.2019704433497537,-0.4876847290640394,0.22167487684729065,-0.6157635467980296,0.26108374384236455,-0.49261083743842365,0.19704433497536947,-0.7044334975369458,0.28078817733990147,-0.8423645320197044,0.3497536945812808,-0.9655172413793104,0.4088669950738916,-0.5024630541871922,0.1724137931034483,-0.7192118226600985,0.270935960591133,-0.8669950738916257,0.3497536945812808,-1.0,0.41379310344827586,-0.4827586206896552,0.15270935960591134,-0.6945812807881774,0.2512315270935961,-0.8374384236453202,0.3251231527093596,-0.9605911330049262,0.3891625615763547,-0.4482758620689655,0.13793103448275862,-0.6059113300492611,0.20689655172413793,-0.7192118226600985,0.26108374384236455,-0.8226600985221675,0.3054187192118227
2,0.0,0.0,-0.16589861751152074,0.14285714285714285,-0.35023041474654376,0.17050691244239632,-0.4838709677419355,0.16129032258064516,-0.6036866359447005,0.17972350230414746,-0.511520737327189,0.11981566820276497,-0.7142857142857143,0.15668202764976957,-0.847926267281106,0.1935483870967742,-0.967741935483871,0.22119815668202766,-0.511520737327189,0.07834101382488479,-0.7235023041474654,0.1382488479262673,-0.8663594470046083,0.17972350230414746,-1.0,0.22119815668202766,-0.4838709677419355,0.05069124423963134,-0.7004608294930875,0.11981566820276497,-0.8387096774193549,0.16589861751152074,-0.9631336405529954,0.20276497695852536,-0.4423963133640553,0.041474654377880185,-0.6082949308755761,0.09216589861751152,-0.7096774193548387,0.11981566820276497,-0.8018433179723502,0.14285714285714285
2,0.0,0.0,-0.19158878504672897,0.1261682242990654,-0.38317757009345793,0.10747663551401869,-0.5,0.06542056074766354,-0.6121495327102804,0.0514018691588785,-0.5420560747663551,-0.04205607476635514,-0.719626168224299,-0.102803738317757,-0.8457943925233645,-0.13551401869158877,-0.9626168224299065,-0.16355140186915887,-0.5280373831775701,-0.08411214953271028,-0.7149532710280374,-0.14018691588785046,-0.8598130841121495,-0.16822429906542055,-1.0,-0.19158878504672897,-0.49065420560747663,-0.10747663551401869,-0.677570093457944,-0.16355140186915887,-0.822429906542056,-0.17757009345794392,-0.9532710280373832,-0.19158878504672897,-0.4392523364485981,-0.11682242990654206,-0.602803738317757,-0.1588785046728972,-0.7149532710280374,-0.17289719626168223,-0.8130841121495327,-0.1822429906542056
2,0.0,0.0,-0.078125,0.203125,-0.24479166666666666,0.3125,-0.359375,0.359375,-0.4427083333333333,0.4166666666666667,-0.4583333333333333,0.20833333333333334,-0.671875,0.2708333333333333,-0.8333333333333334,0.34375,-0.9635416666666666,0.421875,-0.46875,0.15625,-0.6822916666666666,0.23958333333333334,-0.8541666666666666,0.3333333333333333,-1.0,0.421875,-0.4427083333333333,0.11979166666666667,-0.6510416666666666,0.203125,-0.8020833333333334,0.296875,-0.9322916666666666,0.375,-0.3854166666666667,0.10416666666666667,-0.53125,0.16145833333333334,-0.640625,0.21875,-0.734375,0.265625
2,0.0,0.0,-0.15023474178403756,0.19248826291079812,-0.3333333333333333,0.2347417840375587,-0.45539906103286387,0.2347417840375587,-0.5727699530516432,0.24882629107981222,-0.5023474178403756,0.15023474178403756,-0.6948356807511737,0.19248826291079812,-0.8262910798122066,0.2347417840375587,-0.9389671361502347,0.27230046948356806,-0.5070422535211268,0.107981220657277,-0.7183098591549296,0.17370892018779344,-0.8685446009389671,0.2347417840375587,-1.0,0.2863849765258216,-0.47417840375586856,0.07511737089201878,-0.6901408450704225,0.14084507042253522,-0.8309859154929577,0.20187793427230047,-0.9530516431924883,0.2535211267605634,-0.41784037558685444,0.056338028169014086,-0.5868544600938967,0.09859154929577464,-0.6901408450704225,0.14553990610328638,-0.784037558685446,0.19718309859154928
2,0.0,0.0,-0.19907407407407407,0.12962962962962962,-0.3888888888888889,0.1111111111111111,-0.5138888888888888,0.07407407407407407,-0.6342592592592593,0.05092592592592592,-0.5092592592592593,-0.027777777777777776,-0.6944444444444444,-0.08796296296296297,-0.8333333333333334,-0.12037037037037036,-0.9537037037037037,-0.1527777777777778,-0.49537037037037035,-0.06481481481481481,-0.6990740740740741,-0.13425925925925927,-0.8564814814814815,-0.16666666666666666,-1.0,-0.20833333333333334,-0.4537037037037037,-0.09722222222222222,-0.6527777777777778,-0.1574074074074074,-0.8055555555555556,-0.18518518518518517,-0.9444444444444444,-0.20833333333333334,-0.39351851851851855,-0.1111111111111111,-0.5601851851851852,-0.1574074074074074,-0.6805555555555556,-0.1712962962962963,-0.7870370370370371,-0.18055555555555555
2,0.0,0.0,-0.09473684210526316,0.20526315789473684,-0.23684210526315788,0.33157894736842103,-0.3157894736842105,0.4368421052631579,-0.3473684210526316,0.5368421052631579,-0.45789473684210524,0.14736842105263157,-0.6473684210526316,0.25263157894736843,-0.8052631578947368,0.3263157894736842,-0.9421052631578948,0.3894736842105263,-0.45789473684210524,0.11052631578947368,-0.6684210526315789,0.23684210526315788,-0.8421052631578947,0.33157894736842103,-1.0,0.4105263157894737,-0.4263157894736842,0.1,-0.631578947368421,0.22631578947368422,-0.7842105263157895,0.3105263157894737,-0.9263157894736842,0.3736842105263158,-0.3684210526315789,0.13157894736842105,-0.531578947368421,0.21052631578947367,-0.6473684210526316,0.2631578947368421,-0.7631578947368421,0.3
2,0.0,0.0,-0.18055555555555555,0.14814814814814814,-0.37037037037037035,0.18055555555555555,-0.5092592592592593,0.17592592592592593,-0.6342592592592593,0.18981481481481483,-0.5138888888888888,0.10648148148148148,-0.7129629629629629,0.16203703703703703,-0.8379629629629629,0.21296296296296297,-0.9583333333333334,0.25462962962962965,-0.5138888888888888,0.0787037037037037,-0.7314814814814815,0.16666666666666666,-0.875,0.22685185185185186,-1.0,0.27314814814814814,-0.4722222222222222,0.06944444444444445,-0.6944444444444444,0.16203703703703703,-0.8240740740740741,0.2175925925925926,-0.9398148148148148,0.2638888888888889,-0.4212962962962963,0.09259259259259259,-0.5648148148148148,0.14814814814814814,-0.6574074074074074,0.18981481481481483,-0.7546296296296297,0.21296296296296297
2,0.0,0.0,-0.18867924528301888,0.10849056603773585,-0.39622641509433965,0.08962264150943396,-0.5330188679245284,0.04716981132075472,-0.6462264150943396,0.02830188679245283,-0.5188679245283019,-0.018867924528301886,-0.7028301886792453,-0.0660377358490566,-0.8349056603773585,-0.08018867924528301,-0.9481132075471698,-0.09433962264150944,-0.5094339622641509,-0.05660377358490566,-0.7311320754716981,-0.10377358490566038,-0.8726415094339622,-0.10849056603773585,-1.0,-0.1179245283018868,-0.4669811320754717,-0.08018867924528301,-0.6886792452830188,-0.12735849056603774,-0.8301886792452831,-0.1320754716981132,-0.9433962264150944,-0.14150943396226415,-0.4056603773584906,-0.08962264150943396,-0.5613207547169812,-0.1320754716981132,-0.6698113207547169,-0.14150943396226415,-0.7641509433962265,-0.14150943396226415
2,0.0,0.0,-0.18461538461538463,0.09743589743589744,-0.37435897435897436,0.18974358974358974,-0.5128205128205128,0.26153846153846155,-0.6102564102564103,0.3487179487179487,-0.5128205128205128,0.13333333333333333,-0.6974358974358974,0.28717948717948716,-0.8307692307692308,0.39487179487179486,-0.9538461538461539,0.48717948717948717,-0.5025641025641026,0.12307692307692308,-0.717948717948718,0.3076923076923077,-0.8666666666666667,0.4307692307692308,-1.0,0.5333333333333333,-0.4512820512820513,0.14358974358974358,-0.6717948717948717,0.30256410256410254,-0.8153846153846154,0.4,-0.9333333333333333,0.47692307692307695,-0.37435897435897436,0.2,-0.5282051282051282,0.27692307692307694,-0.6358974358974359,0.3333333333333333,-0.7282051282051282,0.37948717948717947
2,0.0,0.0,-0.19523809523809524,0.17142857142857143,-0.38095238095238093,0.19523809523809524,-0.5095238095238095,0.18095238095238095,-0.6142857142857143,0.1761904761904762,-0.5,0.08095238095238096,-0.7,0.17142857142857143,-0.8333333333333334,0.24761904761904763,-0.9571428571428572,0.3142857142857143,-0.5047619047619047,0.05714285714285714,-0.7285714285714285,0.18095238095238095,-0.8714285714285714,0.2714285714285714,-1.0,0.3523809523809524,-0.4714285714285714,0.07142857142857142,-0.6952380952380952,0.18571428571428572,-0.8333333333333334,0.26666666666666666,-0.9571428571428572,0.32857142857142857,-0.4238095238095238,0.11428571428571428,-0.5857142857142857,0.17142857142857143,-0.6952380952380952,0.21904761904761905,-0.7952380952380952,0.2571428571428571
2,0.0,0.0,-0.19248826291079812,0.11267605633802817,-0.38967136150234744,0.09389671361502347,-0.5117370892018779,0.056338028169014086,-0.6244131455399061,0.03286384976525822,-0.49295774647887325,-0.018779342723004695,-0.6854460093896714,-0.06103286384976526,-0.8262910798122066,-0.07981220657276995,-0.9530516431924883,-0.09389671361502347,-0.47417840375586856,-0.06103286384976526,-0.6948356807511737,-0.09859154929577464,-0.8544600938967136,-0.11267605633802817,-1.0,-0.1267605633802817,-0.431924882629108,-0.0892018779342723,-0.647887323943662,-0.1267605633802817,-0.8075117370892019,-0.13615023474178403,-0.9389671361502347,-0.14084507042253522,-0.3755868544600939,-0.09389671361502347,-0.5446009389671361,-0.11737089201877934,-0.6572769953051644,-0.11737089201877934,-0.7511737089201878,-0.107981220657277
2,0.0,0.0,-0.18478260869565216,0.08152173913043478,-0.40217391304347827,0.21195652173913043,-0.5597826086956522,0.29891304347826086,-0.6684782608695652,0.3695652173913043,-0.5271739130434783,0.20652173913043478,-0.7119565217391305,0.3967391304347826,-0.8478260869565217,0.5380434782608695,-0.9565217391304348,0.6630434782608695,-0.5054347826086957,0.21195652173913043,-0.7282608695652174,0.42934782608695654,-0.875,0.5869565217391305,-1.0,0.7228260869565217,-0.44565217391304346,0.24456521739130435,-0.6793478260869565,0.43478260869565216,-0.8206521739130435,0.5760869565217391,-0.9347826086956522,0.6902173913043478,-0.3532608695652174,0.29891304347826086,-0.5217391304347826,0.42391304347826086,-0.6358695652173914,0.5163043478260869,-0.7282608695652174,0.6032608695652174
2,0.0,0.0,-0.1932367149758454,0.13043478260869565,-0.37681159420289856,0.20772946859903382,-0.5217391304347826,0.2753623188405797,-0.6280193236714976,0.34782608695652173,-0.5072463768115942,0.12077294685990338,-0.6666666666666666,0.28502415458937197,-0.7536231884057971,0.40096618357487923,-0.8309178743961353,0.4975845410628019,-0.5024154589371981,0.10628019323671498,-0.7342995169082126,0.2946859903381642,-0.8743961352657005,0.4106280193236715,-1.0,0.5072463768115942,-0.4492753623188406,0.12560386473429952,-0.7004830917874396,0.2898550724637681,-0.8405797101449275,0.3864734299516908,-0.966183574879227,0.463768115942029,-0.38164251207729466,0.18357487922705315,-0.5314009661835749,0.2753623188405797,-0.6376811594202898,0.34782608695652173,-0.7391304347826086,0.4106280193236715
2,0.0,0.0,-0.17452830188679244,0.11320754716981132,-0.37264150943396224,0.09905660377358491,-0.49528301886792453,0.0660377358490566,-0.6084905660377359,0.04245283018867924,-0.5,-0.04716981132075472,-0.6886792452830188,-0.08962264150943396,-0.8254716981132075,-0.10849056603773585,-0.9433962264150944,-0.12264150943396226,-0.49056603773584906,-0.08962264150943396,-0.6981132075471698,-0.13679245283018868,-0.8537735849056604,-0.1509433962264151,-1.0,-0.16037735849056603,-0.45754716981132076,-0.1179245283018868,-0.6650943396226415,-0.16037735849056603,-0.8207547169811321,-0.17452830188679244,-0.9528301886792453,-0.18867924528301888,-0.4056603773584906,-0.12735849056603774,-0.5849056603773585,-0.16037735849056603,-0.7075471698113207,-0.17452830188679244,-0.8113207547169812,-0.1792452830188679
2,0.0,0.0,-0.1989247311827957,0.14516129032258066,-0.44086021505376344,0.26344086021505375,-0.6021505376344086,0.34946236559139787,-0.7150537634408602,0.44086021505376344,-0.553763440860215,0.15053763440860216,-0.7580645161290323,0.3172043010752688,-0.8924731182795699,0.45161290322580644,-1.0,0.5806451612903226,-0.553763440860215,0.16129032258064516,-0.7419354838709677,0.3279569892473118,-0.8817204301075269,0.46236559139784944,-0.9946236559139785,0.5860215053763441,-0.543010752688172,0.1827956989247312,-0.7365591397849462,0.3279569892473118,-0.8602150537634409,0.44623655913978494,-0.956989247311828,0.553763440860215,-0.521505376344086,0.21505376344086022,-0.6881720430107527,0.3279569892473118,-0.7903225806451613,0.41935483870967744,-0.8655913978494624,0.5
2,0.0,0.0,-0.2018348623853211,0.0963302752293578,-0.3853211009174312,0.1559633027522936,-0.5137614678899083,0.20642201834862386,-0.6146788990825688,0.26146788990825687,-0.4908256880733945,0.06880733944954129,-0.6972477064220184,0.1743119266055046,-0.8256880733944955,0.24770642201834864,-0.9403669724770642,0.3073394495412844,-0.48623853211009177,0.05504587155963303,-0.7293577981651376,0.1926605504587156,-0.8715596330275229,0.27522935779816515,-1.0,0.3440366972477064,-0.44954128440366975,0.0871559633027523,-0.6972477064220184,0.2018348623853211,-0.8302752293577982,0.2706422018348624,-0.9495412844036697,0.3302752293577982,-0.3944954128440367,0.14678899082568808,-0.5458715596330275,0.20642201834862386,-0.6513761467889908,0.26146788990825687,-0.7477064220183486,0.3119266055045872
2,0.0,0.0,-0.20454545454545456,0.12727272727272726,-0.39545454545454545,0.12727272727272726,-0.5136363636363637,0.11818181818181818,-0.6318181818181818,0.10454545454545454,-0.5136363636363637,-0.022727272727272728,-0.6954545454545454,-0.07727272727272727,-0.8272727272727273,-0.10909090909090909,-0.95,-0.13636363636363635,-0.5,-0.06363636363636363,-0.7,-0.11363636363636363,-0.8590909090909091,-0.1409090909090909,-1.0,-0.16818181818181818,-0.4636363636363636,-0.08636363636363636,-0.6545454545454545,-0.12272727272727273,-0.8,-0.14545454545454545,-0.9318181818181818,-0.1590909090909091,-0.4090909090909091,-0.09545454545454546,-0.5727272727272728,-0.12727272727272726,-0.6863636363636364,-0.1409090909090909,-0.7863636363636364,-0.15
2,0.0,0.0,-0.12149532710280374,0.09813084112149532,-0.308411214953271,0.1542056074766355,-0.4719626168224299,0.17757009345794392,-0.6121495327102804,0.2102803738317757,-0.4672897196261682,0.17289719626168223,-0.6962616822429907,0.2336448598130841,-0.8504672897196262,0.308411214953271,-0.9719626168224299,0.3878504672897196,-0.4766355140186916,0.16355140186915887,-0.7102803738317757,0.22897196261682243,-0.8738317757009346,0.3130841121495327,-1.0,0.3925233644859813,-0.45794392523364486,0.1588785046728972,-0.677570093457944,0.21962616822429906,-0.8271028037383178,0.29439252336448596,-0.9439252336448598,0.3691588785046729,-0.4205607476635514,0.1588785046728972,-0.5654205607476636,0.19158878504672897,-0.677570093457944,0.2336448598130841,-0.7710280373831776,0.2757009345794392
2,0.0,0.0,-0.1409090909090909,0.16818181818181818,-0.31363636363636366,0.2,-0.4318181818181818,0.20909090909090908,-0.5409090909090909,0.22727272727272727,-0.4863636363636364,0.12272727272727273,-0.6954545454545454,0.1590909090909091,-0.8363636363636363,0.2,-0.9545454545454546,0.23636363636363636,-0.4863636363636364,0.09090909090909091,-0.7136363636363636,0.14545454545454545,-0.8636363636363636,0.19545454545454546,-1.0,0.2409090909090909,-0.4590909090909091,0.06818181818181818,-0.6818181818181818,0.12727272727272726,-0.8272727272727273,0.17272727272727273,-0.95,0.21363636363636362,-0.4090909090909091,0.06818181818181818,-0.5636363636363636,0.1,-0.6727272727272727,0.1318181818181818,-0.7681818181818182,0.16363636363636364
2,0.0,0.0,-0.19534883720930232,0.13488372093023257,-0.3767441860465116,0.12093023255813953,-0.4883720930232558,0.10232558139534884,-0.5813953488372093,0.08837209302325581,-0.5302325581395348,-0.037209302325581395,-0.7069767441860465,-0.10232558139534884,-0.8325581395348837,-0.13953488372093023,-0.9441860465116279,-0.17674418604651163,-0.5255813953488372,-0.07906976744186046,-0.7255813953488373,-0.15348837209302327,-0.8697674418604651,-0.19069767441860466,-1.0,-0.23255813953488372,-0.49767441860465117,-0.10697674418604651,-0.6930232558139535,-0.17209302325581396,-0.8372093023255814,-0.20930232558139536,-0.9720930232558139,-0.23255813953488372,-0.44651162790697674,-0.11627906976744186,-0.6232558139534884,-0.15813953488372093,-0.7348837209302326,-0.16744186046511628,-0.8372093023255814,-0.1813953488372093
2,0.0,0.0,-0.13875598086124402,0.11004784688995216,-0.3349282296650718,0.19617224880382775,-0.49760765550239233,0.24401913875598086,-0.6172248803827751,0.291866028708134,-0.507177033492823,0.21052631578947367,-0.7177033492822966,0.31100478468899523,-0.8564593301435407,0.39712918660287083,-0.9617224880382775,0.4688995215311005,-0.507177033492823,0.21052631578947367,-0.7368421052631579,0.3397129186602871,-0.8851674641148325,0.4354066985645933,-1.0,0.5119617224880383,-0.47368421052631576,0.22488038277511962,-0.6985645933014354,0.3444976076555024,-0.8325358851674641,0.430622009569378,-0.9330143540669856,0.507177033492823,-0.41148325358851673,0.24401913875598086,-0.5358851674641149,0.33014354066985646,-0.631578947368421,0.39712918660287083,-0.7081339712918661,0.45933014354066987
2,0.0,0.0,-0.12612612612612611,0.15315315315315314,-0.2927927927927928,0.2072072072072072,-0.4144144144144144,0.22972972972972974,-0.527027027027027,0.26126126126126126,-0.47297297297297297,0.16216216216216217,-0.6891891891891891,0.21171171171171171,-0.8288288288288288,0.25225225225225223,-0.9504504504504504,0.28378378378378377,-0.481981981981982,0.13513513513513514,-0.7117117117117117,0.20270270270270271,-0.8693693693693694,0.25225225225225223,-1.0,0.2927927927927928,-0.45045045045045046,0.11711711711711711,-0.6801801801801802,0.18018018018018017,-0.8243243243243243,0.22072072072072071,-0.9459459459459459,0.25675675675675674,-0.40540540540540543,0.11261261261261261,-0.5630630630630631,0.14414414414414414,-0.6711711711711712,0.17567567567567569,-0.7612612612612613,0.21621621621621623
2,0.0,0.0,-0.21495327102803738,0.13551401869158877,-0.40654205607476634,0.12149532710280374,-0.5280373831775701,0.102803738317757,-0.6355140186915887,0.08878504672897196,-0.5327102803738317,-0.0514018691588785,-0.7149532710280374,-0.1308411214953271,-0.8411214953271028,-0.17757009345794392,-0.9532710280373832,-0.22429906542056074,-0.5186915887850467,-0.09345794392523364,-0.7149532710280374,-0.17289719626168223,-0.8644859813084113,-0.22429906542056074,-1.0,-0.2803738317757009,-0.4672897196261682,-0.11682242990654206,-0.6588785046728972,-0.19626168224299065,-0.8084112149532711,-0.2383177570093458,-0.9439252336448598,-0.2803738317757009,-0.3925233644859813,-0.1261682242990654,-0.5607476635514018,-0.18691588785046728,-0.677570093457944,-0.205607476635514,-0.780373831775701,-0.22429906542056074
2,0.0,0.0,-0.14720812182741116,0.17258883248730963,-0.350253807106599,0.26903553299492383,-0.5177664974619289,0.3197969543147208,-0.6446700507614214,0.38071065989847713,-0.49746192893401014,0.18781725888324874,-0.6954314720812182,0.29441624365482233,-0.8274111675126904,0.37055837563451777,-0.949238578680203,0.4365482233502538,-0.5025380710659898,0.17258883248730963,-0.7208121827411168,0.30456852791878175,-0.868020304568528,0.39593908629441626,-1.0,0.4720812182741117,-0.467005076142132,0.17766497461928935,-0.6802030456852792,0.30456852791878175,-0.817258883248731,0.39086294416243655,-0.9441624365482234,0.45685279187817257,-0.40609137055837563,0.19796954314720813,-0.5431472081218274,0.27918781725888325,-0.6345177664974619,0.350253807106599,-0.7309644670050761,0.40609137055837563
2,0.0,0.0,-0.17733990147783252,0.1724137931034483,-0.3645320197044335,0.26108374384236455,-0.5123152709359606,0.32019704433497537,-0.625615763546798,0.37438423645320196,-0.4975369458128079,0.13793103448275862,-0.6995073891625616,0.2512315270935961,-0.8275862068965517,0.3251231527093596,-0.9458128078817734,0.3891625615763547,-0.49261083743842365,0.11330049261083744,-0.7339901477832512,0.26108374384236455,-0.8719211822660099,0.3497536945812808,-1.0,0.4236453201970443,-0.4482758620689655,0.12807881773399016,-0.6896551724137931,0.26108374384236455,-0.8226600985221675,0.3399014778325123,-0.9458128078817734,0.4039408866995074,-0.3793103448275862,0.1724137931034483,-0.5270935960591133,0.2512315270935961,-0.6354679802955665,0.3103448275862069,-0.7438423645320197,0.35960591133004927
2,0.0,0.0,-0.21,0.145,-0.415,0.13,-0.54,0.115,-0.66,0.125,-0.535,-0.035,-0.71,-0.075,-0.84,-0.095,-0.955,-0.11,-0.525,-0.07,-0.725,-0.115,-0.865,-0.125,-1.0,-0.14,-0.485,-0.095,-0.69,-0.135,-0.825,-0.145,-0.945,-0.16,-0.43,-0.095,-0.6,-0.13,-0.71,-0.145,-0.81,-0.155
2,0.0,0.0,-0.17258883248730963,0.19289340101522842,-0.36548223350253806,0.24873096446700507,-0.49746192893401014,0.29949238578680204,-0.6142131979695431,0.34517766497461927,-0.49238578680203043,0.07614213197969544,-0.6852791878172588,0.15228426395939088,-0.8274111675126904,0.20304568527918782,-0.949238578680203,0.24873096446700507,-0.4720812182741117,0.06091370558375635,-0.7055837563451777,0.15736040609137056,-0.8629441624365483,0.22842639593908629,-1.0,0.2893401015228426,-0.41116751269035534,0.07614213197969544,-0.6446700507614214,0.17258883248730963,-0.7868020304568528,0.22842639593908629,-0.9086294416243654,0.27918781725888325,-0.3299492385786802,0.13705583756345177,-0.4720812182741117,0.17258883248730963,-0.5786802030456852,0.20812182741116753,-0.6852791878172588,0.23857868020304568
2,0.0,0.0,-0.175,0.185,-0.365,0.26,-0.51,0.295,-0.63,0.325,-0.495,0.095,-0.695,0.18,-0.83,0.235,-0.95,0.29,-0.48,0.08,-0.715,0.185,-0.865,0.255,-1.0,0.32,-0.425,0.1,-0.665,0.195,-0.805,0.255,-0.93,0.305,-0.35,0.145,-0.5,0.19,-0.61,0.235,-0.72,0.265
2,0.0,0.0,-0.20512820512820512,0.13846153846153847,-0.4307692307692308,0.13846153846153847,-0.5794871794871795,0.12307692307692308,-0.7076923076923077,0.11282051282051282,-0.5128205128205128,-0.005128205128205128,-0.7025641025641025,-0.06666666666666667,-0.841025641025641,-0.09743589743589744,-0.958974358974359,-0.12307692307692308,-0.49230769230769234,-0.05128205128205128,-0.7025641025641025,-0.11794871794871795,-0.8564102564102564,-0.14871794871794872,-1.0,-0.17435897435897435,-0.4461538461538462,-0.08205128205128205,-0.6461538461538462,-0.13846153846153847,-0.8,-0.15897435897435896,-0.9333333333333333,-0.17435897435897435,-0.37948717948717947,-0.09230769230769231,-0.5384615384615384,-0.1282051282051282,-0.6461538461538462,-0.13846153846153847,-0.7384615384615385,-0.14358974358974358
2,0.0,0.0,-0.24731182795698925,0.1774193548387097,-0.45698924731182794,0.23118279569892472,-0.6182795698924731,0.25268817204301075,-0.7526881720430108,0.26881720430107525,-0.5376344086021505,0.11290322580645161,-0.7311827956989247,0.0913978494623656,-0.8602150537634409,0.10752688172043011,-0.967741935483871,0.12903225806451613,-0.521505376344086,0.07526881720430108,-0.7365591397849462,0.053763440860215055,-0.8817204301075269,0.08064516129032258,-1.0,0.11290322580645161,-0.489247311827957,0.043010752688172046,-0.6989247311827957,0.03763440860215054,-0.8387096774193549,0.06451612903225806,-0.9408602150537635,0.0967741935483871,-0.43548387096774194,0.026881720430107527,-0.6021505376344086,0.026881720430107527,-0.7150537634408602,0.04838709677419355,-0.8064516129032258,0.06989247311827956
2,0.0,0.0,-0.18627450980392157,0.09803921568627451,-0.36764705882352944,0.20098039215686275,-0.5049019607843137,0.2647058823529412,-0.6176470588235294,0.3235294117647059,-0.5,0.12745098039215685,-0.696078431372549,0.22549019607843138,-0.8382352941176471,0.28921568627450983,-0.9558823529411765,0.3480392156862745,-0.47549019607843135,0.11764705882352941,-0.7058823529411765,0.23529411764705882,-0.8627450980392157,0.3137254901960784,-1.0,0.38235294117647056,-0.4068627450980392,0.12745098039215685,-0.6421568627450981,0.23529411764705882,-0.7892156862745098,0.29901960784313725,-0.9215686274509803,0.35294117647058826,-0.31862745098039214,0.16666666666666666,-0.46568627450980393,0.23529411764705882,-0.5784313725490197,0.29411764705882354,-0.6764705882352942,0.3431372549019608
2,0.0,0.0,-0.1989795918367347,0.15816326530612246,-0.413265306122449,0.17346938775510204,-0.5510204081632653,0.17857142857142858,-0.673469387755102,0.19387755102040816,-0.5459183673469388,0.015306122448979591,-0.7193877551020408,-0.05102040816326531,-0.8418367346938775,-0.07653061224489796,-0.9540816326530612,-0.09183673469387756,-0.5306122448979592,-0.015306122448979591,-0.7295918367346939,-0.08163265306122448,-0.8724489795918368,-0.09693877551020408,-1.0,-0.10204081632653061,-0.47959183673469385,-0.03571428571428571,-0.6785714285714286,-0.09183673469387756,-0.8163265306122449,-0.10714285714285714,-0.9387755102040817,-0.12244897959183673,-0.40816326530612246,-0.03571428571428571,-0.5510204081632653,-0.07142857142857142,-0.6581632653061225,-0.08163265306122448,-0.7602040816326531,-0.08673469387755102
2,0.0,0.0,-0.14917127071823205,0.20994475138121546,-0.3370165745856354,0.3370165745856354,-0.47513812154696133,0.425414364640884,-0.6022099447513812,0.4972375690607735,-0.4972375690607735,0.2596685082872928,-0.6906077348066298,0.3701657458563536,-0.8397790055248618,0.4530386740331492,-0.9668508287292817,0.5248618784530387,-0.48066298342541436,0.2430939226519337,-0.6961325966850829,0.3701657458563536,-0.856353591160221,0.4696132596685083,-1.0,0.5469613259668509,-0.4198895027624309,0.2430939226519337,-0.6243093922651933,0.3701657458563536,-0.7679558011049724,0.4585635359116022,-0.8950276243093923,0.5303867403314917,-0.32044198895027626,0.2541436464088398,-0.4530386740331492,0.3314917127071823,-0.5524861878453039,0.40331491712707185,-0.6519337016574586,0.46408839779005523
2,0.0,0.0,-0.15083798882681565,0.20670391061452514,-0.329608938547486,0.3463687150837989,-0.46368715083798884,0.41899441340782123,-0.5921787709497207,0.48044692737430167,-0.5027932960893855,0.24022346368715083,-0.7039106145251397,0.3407821229050279,-0.8491620111731844,0.4134078212290503,-0.9776536312849162,0.48044692737430167,-0.4748603351955307,0.2122905027932961,-0.6983240223463687,0.3407821229050279,-0.8603351955307262,0.4245810055865922,-1.0,0.5027932960893855,-0.39664804469273746,0.20670391061452514,-0.6201117318435754,0.33519553072625696,-0.7653631284916201,0.4134078212290503,-0.9050279329608939,0.48044692737430167,-0.2849162011173184,0.21787709497206703,-0.41899441340782123,0.2905027932960894,-0.5251396648044693,0.3575418994413408,-0.6368715083798883,0.41899441340782123
2,0.0,0.0,-0.17553191489361702,0.13829787234042554,-0.3829787234042553,0.14893617021276595,-0.5159574468085106,0.14893617021276595,-0.6436170212765957,0.16489361702127658,-0.5212765957446809,-0.047872340425531915,-0.7021276595744681,-0.1276595744680851,-0.8297872340425532,-0.17553191489361702,-0.9468085106382979,-0.21808510638297873,-0.48936170212765956,-0.0797872340425532,-0.6968085106382979,-0.16489361702127658,-0.8563829787234043,-0.21808510638297873,-1.0,-0.26595744680851063,-0.425531914893617,-0.09574468085106383,-0.6276595744680851,-0.18085106382978725,-0.7659574468085106,-0.22872340425531915,-0.898936170212766,-0.2712765957446808,-0.32978723404255317,-0.11170212765957446,-0.48404255319148937,-0.18085106382978725,-0.5957446808510638,-0.20212765957446807,-0.7021276595744681,-0.21808510638297873
2,0.0,0.0,-0.12921348314606743,0.16853932584269662,-0.3202247191011236,0.2808988764044944,-0.4887640449438202,0.34831460674157305,-0.6179775280898876,0.43258426966292135,-0.4887640449438202,0.2303370786516854,-0.702247191011236,0.34831460674157305,-0.8314606741573034,0.43258426966292135,-0.9550561797752809,0.5112359550561798,-0.4943820224719101,0.21348314606741572,-0.7191011235955056,0.3651685393258427,-0.8707865168539326,0.46629213483146065,-1.0,0.5561797752808989,-0.449438202247191,0.21348314606741572,-0.6741573033707865,0.3651685393258427,-0.8089887640449438,0.449438202247191,-0.9269662921348315,0.5224719101123596,-0.3707865168539326,0.23595505617977527,-0.5112359550561798,0.3202247191011236,-0.601123595505618,0.38764044943820225,-0.702247191011236,0.4550561797752809
2,0.0,0.0,-0.1358695652173913,0.20108695652173914,-0.30434782608695654,0.28804347826086957,-0.44565217391304346,0.32065217391304346,-0.5597826086956522,0.358695652173913,-0.4945652173913043,0.25,-0.7065217391304348,0.32065217391304346,-0.842391304347826,0.3858695652173913,-0.9619565217391305,0.44021739130434784,-0.4891304347826087,0.21739130434782608,-0.717391304347826,0.29891304347826086,-0.8695652173913043,0.3695652173913043,-1.0,0.43478260869565216,-0.45108695652173914,0.18478260869565216,-0.6684782608695652,0.2608695652173913,-0.8043478260869565,0.33152173913043476,-0.9184782608695652,0.391304347826087,-0.375,0.16304347826086957,-0.5217391304347826,0.21195652173913043,-0.6195652173913043,0.2608695652173913,-0.7065217391304348,0.30434782608695654
2,0.0,0.0,-0.1708542713567839,0.1306532663316583,-0.3768844221105528,0.1306532663316583,-0.49748743718592964,0.12060301507537688,-0.6180904522613065,0.11557788944723618,-0.5326633165829145,-0.04020100502512563,-0.7085427135678392,-0.12060301507537688,-0.8341708542713567,-0.1658291457286432,-0.949748743718593,-0.20603015075376885,-0.5175879396984925,-0.07537688442211055,-0.7085427135678392,-0.16080402010050251,-0.8592964824120602,-0.21105527638190955,-1.0,-0.2613065326633166,-0.4623115577889447,-0.10552763819095477,-0.6482412060301508,-0.19095477386934673,-0.7889447236180904,-0.23115577889447236,-0.9246231155778895,-0.2663316582914573,-0.38190954773869346,-0.12060301507537688,-0.5276381909547738,-0.19597989949748743,-0.6381909547738693,-0.21608040201005024,-0.7437185929648241,-0.23115577889447236
2,0.0,0.0,-0.09826589595375723,0.2023121387283237,-0.2832369942196532,0.3063583815028902,-0.4393063583815029,0.3583815028901734,-0.5664739884393064,0.42196531791907516,-0.5086705202312138,0.2774566473988439,-0.7167630057803468,0.42196531791907516,-0.8497109826589595,0.5317919075144508,-0.9595375722543352,0.630057803468208,-0.5202312138728323,0.2543352601156069,-0.7398843930635838,0.4393063583815029,-0.8786127167630058,0.5606936416184971,-1.0,0.6647398843930635,-0.48554913294797686,0.2543352601156069,-0.7052023121387283,0.4277456647398844,-0.8323699421965318,0.5375722543352601,-0.9421965317919075,0.6358381502890174,-0.4161849710982659,0.2658959537572254,-0.5606936416184971,0.36416184971098264,-0.6589595375722543,0.4393063583815029,-0.7456647398843931,0.5086705202312138
2,0.0,0.0,-0.13636363636363635,0.17676767676767677,-0.31313131313131315,0.21212121212121213,-0.4292929292929293,0.22727272727272727,-0.5353535353535354,0.2474747474747475,-0.48484848484848486,0.14646464646464646,-0.6919191919191919,0.17676767676767677,-0.8333333333333334,0.21717171717171718,-0.9545454545454546,0.25757575757575757,-0.48484848484848486,0.1111111111111111,-0.702020202020202,0.1414141414141414,-0.8535353535353535,0.1919191919191919,-1.0,0.24242424242424243,-0.4595959595959596,0.08080808080808081,-0.6666666666666666,0.11616161616161616,-0.8181818181818182,0.16161616161616163,-0.9545454545454546,0.21212121212121213,-0.41414141414141414,0.0707070707070707,-0.5707070707070707,0.09595959595959595,-0.6818181818181818,0.12626262626262627,-0.7777777777777778,0.15656565656565657
2,0.0,0.0,-0.18137254901960784,0.1323529411764706,-0.38235294117647056,0.12745098039215685,-0.5,0.11764705882352941,-0.6127450980392157,0.10784313725490197,-0.5245098039215687,-0.04411764705882353,-0.7009803921568627,-0.11274509803921569,-0.8333333333333334,-0.15196078431372548,-0.9411764705882353,-0.19117647058823528,-0.5098039215686274,-0.08333333333333333,-0.7107843137254902,-0.1568627450980392,-0.8627450980392157,-0.20098039215686275,-1.0,-0.25,-0.46568627450980393,-0.11274509803921569,-0.6617647058823529,-0.19117647058823528,-0.803921568627451,-0.23039215686274508,-0.9313725490196079,-0.25980392156862747,-0.39705882352941174,-0.12745098039215685,-0.553921568627451,-0.19117647058823528,-0.6666666666666666,-0.2107843137254902,-0.7696078431372549,-0.22549019607843138
2,0.0,0.0,-0.10909090909090909,0.15151515151515152,-0.3151515151515151,0.2787878787878788,-0.47878787878787876,0.3696969696969697,-0.5878787878787879,0.4727272727272727,-0.47878787878787876,0.26666666666666666,-0.703030303030303,0.4121212121212121,-0.8545454545454545,0.5454545454545454,-0.9696969696969697,0.6666666666666666,-0.49696969696969695,0.2606060606060606,-0.7272727272727273,0.4121212121212121,-0.8787878787878788,0.5575757575757576,-1.0,0.696969696969697,-0.48484848484848486,0.2545454545454545,-0.7090909090909091,0.4,-0.8484848484848485,0.5393939393939394,-0.9636363636363636,0.6666666666666666,-0.46060606060606063,0.2545454545454545,-0.6242424242424243,0.37575757575757573,-0.7272727272727273,0.4666666666666667,-0.8181818181818182,0.5515151515151515
2,0.0,0.0,-0.15025906735751296,0.15544041450777202,-0.35751295336787564,0.2538860103626943,-0.5233160621761658,0.3160621761658031,-0.6528497409326425,0.39896373056994816,-0.5181347150259067,0.20725388601036268,-0.7202072538860104,0.32642487046632124,-0.8497409326424871,0.41450777202072536,-0.9637305699481865,0.5025906735751295,-0.5181347150259067,0.19689119170984457,-0.7357512953367875,0.33678756476683935,-0.8756476683937824,0.45077720207253885,-1.0,0.5492227979274611,-0.47150259067357514,0.20207253886010362,-0.689119170984456,0.3316062176165803,-0.8238341968911918,0.43005181347150256,-0.9430051813471503,0.5181347150259067,-0.40414507772020725,0.22279792746113988,-0.5544041450777202,0.30569948186528495,-0.6528497409326425,0.37823834196891193,-0.7512953367875648,0.44041450777202074
2,0.0,0.0,-0.20707070707070707,0.1414141414141414,-0.43434343434343436,0.13131313131313133,-0.5808080808080808,0.1111111111111111,-0.7070707070707071,0.12121212121212122,-0.5656565656565656,-0.030303030303030304,-0.7323232323232324,-0.1111111111111111,-0.8585858585858586,-0.15656565656565657,-0.9696969696969697,-0.20202020202020202,-0.5404040404040404,-0.0707070707070707,-0.7272727272727273,-0.15151515151515152,-0.8636363636363636,-0.19696969696969696,-1.0,-0.24242424242424243,-0.4797979797979798,-0.10101010101010101,-0.6565656565656566,-0.17676767676767677,-0.7929292929292929,-0.21212121212121213,-0.9191919191919192,-0.24242424242424243,-0.3888888888888889,-0.12121212121212122,-0.5303030303030303,-0.1919191919191919,-0.6414141414141414,-0.21717171717171718,-0.7424242424242424,-0.23232323232323232
2,0.0,0.0,-0.21142857142857144,0.08571428571428572,-0.41714285714285715,0.2342857142857143,-0.5771428571428572,0.32571428571428573,-0.6857142857142857,0.4057142857142857,-0.52,0.24571428571428572,-0.7142857142857143,0.4114285714285714,-0.8571428571428571,0.5257142857142857,-0.9771428571428571,0.6228571428571429,-0.4857142857142857,0.25142857142857145,-0.7085714285714285,0.44,-0.8628571428571429,0.5771428571428572,-1.0,0.6857142857142857,-0.4057142857142857,0.26857142857142857,-0.6228571428571429,0.44571428571428573,-0.7657142857142857,0.56,-0.88,0.6514285714285715,-0.2914285714285714,0.29714285714285715,-0.4342857142857143,0.4114285714285714,-0.5428571428571428,0.49142857142857144,-0.64,0.5657142857142857
2,0.0,0.0,-0.23497267759562843,0.1092896174863388,-0.3989071038251366,0.2185792349726776,-0.5245901639344263,0.3005464480874317,-0.639344262295082,0.3879781420765027,-0.5355191256830601,0.1912568306010929,-0.726775956284153,0.31693989071038253,-0.8688524590163934,0.4098360655737705,-0.9836065573770492,0.48633879781420764,-0.48633879781420764,0.18579234972677597,-0.7103825136612022,0.32786885245901637,-0.8688524590163934,0.4371584699453552,-1.0,0.5300546448087432,-0.3989071038251366,0.19672131147540983,-0.6120218579234973,0.3114754098360656,-0.7650273224043715,0.4098360655737705,-0.8907103825136612,0.48633879781420764,-0.3005464480874317,0.2185792349726776,-0.4644808743169399,0.3005464480874317,-0.5737704918032787,0.366120218579235,-0.6666666666666666,0.4262295081967213
2,0.0,0.0,-0.2182741116751269,0.1116751269035533,-0.4416243654822335,0.09137055837563451,-0.583756345177665,0.06598984771573604,-0.7157360406091371,0.04568527918781726,-0.5431472081218274,-0.08121827411167512,-0.7309644670050761,-0.16751269035532995,-0.8730964467005076,-0.20812182741116753,-1.0,-0.233502538071066,-0.49746192893401014,-0.116751269035533,-0.6903553299492385,-0.2131979695431472,-0.8426395939086294,-0.25380710659898476,-0.9847715736040609,-0.29441624365482233,-0.4263959390862944,-0.13705583756345177,-0.5989847715736041,-0.2233502538071066,-0.7360406091370558,-0.25888324873096447,-0.868020304568528,-0.28426395939086296,-0.3299492385786802,-0.13705583756345177,-0.45685279187817257,-0.20812182741116753,-0.5583756345177665,-0.233502538071066,-0.6548223350253807,-0.24873096446700507
2,0.0,0.0,-0.1881720430107527,0.12365591397849462,-0.40860215053763443,0.22043010752688172,-0.5752688172043011,0.2849462365591398,-0.6935483870967742,0.3387096774193548,-0.5483870967741935,0.17204301075268819,-0.7311827956989247,0.3225806451612903,-0.8655913978494624,0.44086021505376344,-0.9731182795698925,0.543010752688172,-0.532258064516129,0.1774193548387097,-0.7311827956989247,0.34946236559139787,-0.8709677419354839,0.4731182795698925,-1.0,0.5913978494623656,-0.489247311827957,0.1989247311827957,-0.6881720430107527,0.3548387096774194,-0.8172043010752689,0.46236559139784944,-0.9301075268817204,0.5591397849462365,-0.42473118279569894,0.22580645161290322,-0.5806451612903226,0.3279569892473118,-0.6827956989247311,0.3978494623655914,-0.7688172043010753,0.46774193548387094
2,0.0,0.0,-0.1989795918367347,0.0663265306122449,-0.39285714285714285,0.15306122448979592,-0.5306122448979592,0.2193877551020408,-0.6377551020408163,0.2857142857142857,-0.5102040816326531,0.08673469387755102,-0.7091836734693877,0.22448979591836735,-0.8367346938775511,0.3163265306122449,-0.9489795918367347,0.3979591836734694,-0.49489795918367346,0.08673469387755102,-0.7397959183673469,0.24489795918367346,-0.8826530612244898,0.3469387755102041,-1.0,0.4387755102040816,-0.4387755102040816,0.11734693877551021,-0.6836734693877551,0.25510204081632654,-0.8214285714285714,0.34183673469387754,-0.9387755102040817,0.41836734693877553,-0.35714285714285715,0.17346938775510204,-0.5153061224489796,0.23979591836734693,-0.6275510204081632,0.3010204081632653,-0.7295918367346939,0.35714285714285715
2,0.0,0.0,-0.2153846153846154,0.11794871794871795,-0.4256410256410256,0.09230769230769231,-0.5692307692307692,0.046153846153846156,-0.6871794871794872,0.010256410256410256,-0.5025641025641026,-0.041025641025641026,-0.6974358974358974,-0.09230769230769231,-0.8461538461538461,-0.1076923076923077,-0.9692307692307692,-0.11794871794871795,-0.48205128205128206,-0.08717948717948718,-0.6923076923076923,-0.14358974358974358,-0.8564102564102564,-0.15897435897435896,-1.0,-0.16923076923076924,-0.4307692307692308,-0.10256410256410256,-0.6410256410256411,-0.14871794871794872,-0.8,-0.1641025641025641,-0.9435897435897436,-0.17435897435897435,-0.3641025641025641,-0.08717948717948718,-0.5025641025641026,-0.11282051282051282,-0.6102564102564103,-0.11794871794871795,-0.7128205128205128,-0.12307692307692308
2,0.0,0.0,-0.1794871794871795,0.15384615384615385,-0.38974358974358975,0.24102564102564103,-0.5538461538461539,0.27692307692307694,-0.6820512820512821,0.3076923076923077,-0.46153846153846156,0.1641025641025641,-0.6717948717948717,0.2512820512820513,-0.8256410256410256,0.3282051282051282,-0.9641025641025641,0.4,-0.46153846153846156,0.15384615384615385,-0.676923076923077,0.26153846153846155,-0.8512820512820513,0.3487179487179487,-1.0,0.4256410256410256,-0.441025641025641,0.15897435897435896,-0.6564102564102564,0.2564102564102564,-0.8153846153846154,0.3333333333333333,-0.9487179487179487,0.4,-0.40512820512820513,0.1794871794871795,-0.5743589743589743,0.24102564102564103,-0.6871794871794872,0.2923076923076923,-0.7794871794871795,0.3333333333333333
2,0.0,0.0,-0.18686868686868688,0.19696969696969696,-0.3787878787878788,0.2474747474747475,-0.5252525252525253,0.26262626262626265,-0.6464646464646465,0.2878787878787879,-0.48484848484848486,0.10606060606060606,-0.6818181818181818,0.1717171717171717,-0.8232323232323232,0.23232323232323232,-0.9494949494949495,0.29292929292929293,-0.47474747474747475,0.08080808080808081,-0.702020202020202,0.1717171717171717,-0.8585858585858586,0.2474747474747475,-1.0,0.31313131313131315,-0.42424242424242425,0.08080808080808081,-0.6515151515151515,0.16161616161616163,-0.7929292929292929,0.2222222222222222,-0.9191919191919192,0.2777777777777778,-0.3434343434343434,0.10101010101010101,-0.4898989898989899,0.1414141414141414,-0.5909090909090909,0.18686868686868688,-0.6919191919191919,0.2222222222222222
2,0.0,0.0,-0.2048780487804878,0.1073170731707317,-0.4097560975609756,0.0975609756097561,-0.5414634146341464,0.07804878048780488,-0.6585365853658537,0.05853658536585366,-0.5073170731707317,-0.03414634146341464,-0.6878048780487804,-0.09268292682926829,-0.8195121951219512,-0.12682926829268293,-0.9463414634146341,-0.15609756097560976,-0.4975609756097561,-0.06829268292682927,-0.697560975609756,-0.12195121951219512,-0.8536585365853658,-0.15121951219512195,-1.0,-0.18536585365853658,-0.4585365853658537,-0.0975609756097561,-0.6585365853658537,-0.13658536585365855,-0.8,-0.16585365853658537,-0.9317073170731708,-0.18536585365853658,-0.40487804878048783,-0.1073170731707317,-0.5560975609756098,-0.13658536585365855,-0.6634146341463415,-0.15609756097560976,-0.7609756097560976,-0.17560975609756097
2,0.0,0.0,-0.20555555555555555,0.14444444444444443,-0.43333333333333335,0.25555555555555554,-0.5888888888888889,0.32222222222222224,-0.7111111111111111,0.4,-0.6333333333333333,0.16666666666666666,-0.8,0.34444444444444444,-0.9166666666666666,0.48333333333333334,-1.0,0.6055555555555555,-0.6222222222222222,0.14444444444444443,-0.7944444444444444,0.34444444444444444,-0.9111111111111111,0.4888888888888889,-0.9888888888888889,0.6333333333333333,-0.5833333333333334,0.13333333333333333,-0.7555555555555555,0.3333333333333333,-0.8611111111111112,0.4777777777777778,-0.9444444444444444,0.6,-0.5166666666666667,0.1388888888888889,-0.6666666666666666,0.28888888888888886,-0.7611111111111111,0.4,-0.8277777777777777,0.49444444444444446
2,0.0,0.0,-0.16666666666666666,0.20430107526881722,-0.34946236559139787,0.2849462365591398,-0.5053763440860215,0.3279569892473118,-0.6236559139784946,0.3817204301075269,-0.521505376344086,0.15053763440860216,-0.7150537634408602,0.3118279569892473,-0.8387096774193549,0.42473118279569894,-0.9516129032258065,0.521505376344086,-0.5268817204301075,0.12365591397849462,-0.7473118279569892,0.3279569892473118,-0.8817204301075269,0.46774193548387094,-1.0,0.5752688172043011,-0.478494623655914,0.13440860215053763,-0.7043010752688172,0.3279569892473118,-0.8387096774193549,0.44623655913978494,-0.956989247311828,0.543010752688172,-0.41397849462365593,0.1881720430107527,-0.5860215053763441,0.3010752688172043,-0.6989247311827957,0.3817204301075269,-0.7956989247311828,0.44086021505376344
2,0.0,0.0,-0.193717277486911,0.1256544502617801,-0.3717277486910995,0.11518324607329843,-0.4973821989528796,0.10471204188481675,-0.6178010471204188,0.10471204188481675,-0.49214659685863876,-0.05235602094240838,-0.675392670157068,-0.10471204188481675,-0.8115183246073299,-0.13089005235602094,-0.9319371727748691,-0.1518324607329843,-0.49214659685863876,-0.09424083769633508,-0.6963350785340314,-0.1518324607329843,-0.8586387434554974,-0.17801047120418848,-1.0,-0.19895287958115182,-0.4712041884816754,-0.12041884816753927,-0.675392670157068,-0.17277486910994763,-0.8324607329842932,-0.193717277486911,-0.9738219895287958,-0.2094240837696335,-0.4397905759162304,-0.1256544502617801,-0.6282722513089005,-0.16753926701570682,-0.7539267015706806,-0.18324607329842932,-0.8586387434554974,-0.193717277486911
2,0.0,0.0,-0.11864406779661017,0.15254237288135594,-0.288135593220339,0.23163841807909605,-0.4180790960451977,0.2768361581920904,-0.5423728813559322,0.3389830508474576,-0.4915254237288136,0.21468926553672316,-0.7005649717514124,0.3333333333333333,-0.8361581920903954,0.4350282485875706,-0.9491525423728814,0.519774011299435,-0.5084745762711864,0.1977401129943503,-0.7288135593220338,0.3446327683615819,-0.8757062146892656,0.4576271186440678,-1.0,0.5536723163841808,-0.4858757062146893,0.1864406779661017,-0.711864406779661,0.3220338983050847,-0.847457627118644,0.423728813559322,-0.9661016949152542,0.5141242937853108,-0.4463276836158192,0.192090395480226,-0.6101694915254238,0.2711864406779661,-0.711864406779661,0.3389830508474576,-0.8135593220338984,0.4011299435028249
2,0.0,0.0,-0.14285714285714285,0.18877551020408162,-0.3112244897959184,0.22448979591836735,-0.42857142857142855,0.23469387755102042,-0.5357142857142857,0.25510204081632654,-0.47959183673469385,0.1326530612244898,-0.6938775510204082,0.1836734693877551,-0.8316326530612245,0.23979591836734693,-0.9591836734693877,0.29591836734693877,-0.47959183673469385,0.09183673469387756,-0.7040816326530612,0.16326530612244897,-0.8622448979591837,0.23469387755102042,-1.0,0.3010204081632653,-0.45918367346938777,0.07653061224489796,-0.6836734693877551,0.14285714285714285,-0.8316326530612245,0.21428571428571427,-0.9591836734693877,0.28061224489795916,-0.41836734693877553,0.08163265306122448,-0.5969387755102041,0.12244897959183673,-0.7142857142857143,0.1683673469387755,-0.8163265306122449,0.21428571428571427
2,0.0,0.0,-0.21287128712871287,0.12871287128712872,-0.3910891089108911,0.10396039603960396,-0.504950495049505,0.08415841584158416,-0.6039603960396039,0.06930693069306931,-0.5198019801980198,-0.07425742574257425,-0.698019801980198,-0.15346534653465346,-0.8316831683168316,-0.2079207920792079,-0.9455445544554455,-0.25742574257425743,-0.5099009900990099,-0.11386138613861387,-0.7128712871287128,-0.19801980198019803,-0.8613861386138614,-0.2524752475247525,-1.0,-0.3118811881188119,-0.4752475247524752,-0.13366336633663367,-0.6683168316831684,-0.21287128712871287,-0.8168316831683168,-0.25742574257425743,-0.9504950495049505,-0.3069306930693069,-0.4158415841584158,-0.13366336633663367,-0.5841584158415841,-0.19306930693069307,-0.698019801980198,-0.21782178217821782,-0.7970297029702971,-0.24257425742574257
2,0.0,0.0,-0.11731843575418995,0.13966480446927373,-0.29608938547486036,0.22346368715083798,-0.441340782122905,0.2569832402234637,-0.553072625698324,0.2905027932960894,-0.4860335195530726,0.22905027932960895,-0.6983240223463687,0.3407821229050279,-0.8379888268156425,0.4301675977653631,-0.9553072625698324,0.5027932960893855,-0.5027932960893855,0.20670391061452514,-0.7206703910614525,0.3463687150837989,-0.8715083798882681,0.44692737430167595,-1.0,0.5251396648044693,-0.48044692737430167,0.19553072625698323,-0.7039106145251397,0.329608938547486,-0.8547486033519553,0.4245810055865922,-0.9720670391061452,0.5027932960893855,-0.441340782122905,0.19553072625698323,-0.6145251396648045,0.2681564245810056,-0.7262569832402235,0.33519553072625696,-0.8212290502793296,0.39664804469273746
2,0.0,0.0,-0.10582010582010581,0.14814814814814814,-0.2751322751322751,0.21164021164021163,-0.4074074074074074,0.2328042328042328,-0.5185185185185185,0.26455026455026454,-0.48677248677248675,0.17989417989417988,-0.6931216931216931,0.26455026455026454,-0.8359788359788359,0.3333333333333333,-0.9576719576719577,0.3968253968253968,-0.4973544973544973,0.164021164021164,-0.7142857142857143,0.26455026455026454,-0.8677248677248677,0.3386243386243386,-1.0,0.4074074074074074,-0.48148148148148145,0.15343915343915343,-0.6984126984126984,0.24867724867724866,-0.8412698412698413,0.32275132275132273,-0.9629629629629629,0.3915343915343915,-0.455026455026455,0.15873015873015872,-0.6243386243386243,0.2275132275132275,-0.7301587301587301,0.2857142857142857,-0.8253968253968254,0.3386243386243386
2,0.0,0.0,-0.22274881516587677,0.11374407582938388,-0.4028436018957346,0.08530805687203792,-0.5213270142180095,0.05687203791469194,-0.6208530805687204,0.02843601895734597,-0.5071090047393365,-0.07109004739336493,-0.6919431279620853,-0.14691943127962084,-0.8246445497630331,-0.1895734597156398,-0.9383886255924171,-0.23222748815165878,-0.4928909952606635,-0.10900473933649289,-0.7061611374407583,-0.1895734597156398,-0.8625592417061612,-0.23696682464454977,-1.0,-0.2843601895734597,-0.4549763033175355,-0.12322274881516587,-0.6777251184834123,-0.1990521327014218,-0.8293838862559242,-0.24170616113744076,-0.957345971563981,-0.27488151658767773,-0.3981042654028436,-0.11848341232227488,-0.5545023696682464,-0.17061611374407584,-0.6729857819905213,-0.1895734597156398,-0.7772511848341233,-0.20853080568720378
2,0.0,0.0,-0.15508021390374332,0.13903743315508021,-0.32085561497326204,0.24064171122994651,-0.4385026737967914,0.31016042780748665,-0.5347593582887701,0.3850267379679144,-0.5026737967914439,0.18181818181818182,-0.7058823529411765,0.3155080213903743,-0.8288770053475936,0.41711229946524064,-0.93048128342246,0.5080213903743316,-0.5080213903743316,0.1657754010695187,-0.7486631016042781,0.3582887700534759,-0.8823529411764706,0.48128342245989303,-1.0,0.5828877005347594,-0.46524064171123,0.18716577540106952,-0.7112299465240641,0.3582887700534759,-0.839572192513369,0.47058823529411764,-0.9518716577540107,0.5614973262032086,-0.39572192513368987,0.24598930481283424,-0.5561497326203209,0.34759358288770054,-0.6684491978609626,0.42780748663101603,-0.7700534759358288,0.49732620320855614
2,0.0,0.0,-0.17676767676767677,0.11616161616161616,-0.36363636363636365,0.20202020202020202,-0.5,0.2727272727272727,-0.5858585858585859,0.3484848484848485,-0.4898989898989899,0.17676767676767677,-0.702020202020202,0.2777777777777778,-0.8383838383838383,0.35353535353535354,-0.9595959595959596,0.41919191919191917,-0.494949494949495,0.16666666666666666,-0.7222222222222222,0.2878787878787879,-0.8636363636363636,0.3686868686868687,-1.0,0.4444444444444444,-0.47474747474747475,0.16666666666666666,-0.696969696969697,0.2777777777777778,-0.8383838383838383,0.35353535353535354,-0.9595959595959596,0.42424242424242425,-0.4494949494949495,0.17676767676767677,-0.6161616161616161,0.25252525252525254,-0.7222222222222222,0.30808080808080807,-0.8232323232323232,0.35858585858585856
2,0.0,0.0,-0.1951219512195122,0.11707317073170732,-0.3853658536585366,0.0975609756097561,-0.4975609756097561,0.06829268292682927,-0.5951219512195122,0.04878048780487805,-0.526829268292683,-0.04878048780487805,-0.697560975609756,-0.1024390243902439,-0.8195121951219512,-0.14146341463414633,-0.9317073170731708,-0.17560975609756097,-0.5121951219512195,-0.08780487804878048,-0.7170731707317073,-0.13658536585365855,-0.8634146341463415,-0.17073170731707318,-1.0,-0.2146341463414634,-0.4682926829268293,-0.1073170731707317,-0.6682926829268293,-0.16585365853658537,-0.8048780487804879,-0.2,-0.926829268292683,-0.23414634146341465,-0.4097560975609756,-0.11707317073170732,-0.5609756097560976,-0.17073170731707318,-0.6731707317073171,-0.1902439024390244,-0.7804878048780488,-0.2048780487804878
2,0.0,0.0,-0.19607843137254902,0.10457516339869281,-0.38562091503267976,0.26143790849673204,-0.5294117647058824,0.3790849673202614,-0.6209150326797386,0.48366013071895425,-0.5032679738562091,0.23529411764705882,-0.6993464052287581,0.45098039215686275,-0.8431372549019608,0.6143790849673203,-0.954248366013072,0.7516339869281046,-0.49019607843137253,0.22875816993464052,-0.7189542483660131,0.477124183006536,-0.8758169934640523,0.6601307189542484,-1.0,0.8104575163398693,-0.42483660130718953,0.2549019607843137,-0.6666666666666666,0.47058823529411764,-0.8235294117647058,0.6274509803921569,-0.9411764705882353,0.7516339869281046,-0.3202614379084967,0.3137254901960784,-0.5032679738562091,0.45751633986928103,-0.6209150326797386,0.5686274509803921,-0.7189542483660131,0.6666666666666666
2,0.0,0.0,-0.1783783783783784,0.12432432432432433,-0.41621621621621624,0.16216216216216217,-0.6162162162162163,0.16756756756756758,-0.7567567567567568,0.2,-0.5243243243243243,0.12972972972972974,-0.745945945945946,0.1837837837837838,-0.8810810810810811,0.22162162162162163,-0.9945945945945946,0.2648648648648649,-0.518918918918919,0.12432432432432433,-0.7351351351351352,0.1783783783783784,-0.8702702702702703,0.22702702702702704,-1.0,0.2756756756756757,-0.4864864864864865,0.12972972972972974,-0.6918918918918919,0.1783783783783784,-0.8216216216216217,0.22702702702702704,-0.9459459459459459,0.2702702702702703,-0.4540540540540541,0.14054054054054055,-0.6162162162162163,0.1783783783783784,-0.7189189189189189,0.21081081081081082,-0.8108108108108109,0.23243243243243245
